Código BDNS;Mecanismo de Recuperación y Resiliencia;Administración;Departamento;Órgano;Fecha de registro;Título;Título cooficial;Link convocatoria;Link concesiones
849822;NO;DIPUTACIÓN PROV. DE VALLADOLID;DIPUTACIÓN PROVINCIAL DE VALLADOLID;;01/08/2025;"Decreto de Presidencia nº 3.727 de 4 de julio 2025, de colaboración con Cámara de Comercio de  Valladolid  para el desarrollo del programa `MEDIACION, año 2025`";;https://www.infosubvenciones.es/bdnstrans/GE/es/convocatorias/849822;https://www.infosubvenciones.es/bdnstrans/GE/es/convocatorias/849822/concesiones
847962;NO;DIPUTACIÓN PROV. DE VALLADOLID;DIPUTACIÓN PROVINCIAL DE VALLADOLID;;23/07/2025;Decreto 3.864/25 de fecha 15/07/25 por el que se aprueba convenio con AFACI para el programa respidro;;https://www.infosubvenciones.es/bdnstrans/GE/es/convocatorias/847962;https://www.infosubvenciones.es/bdnstrans/GE/es/convocatorias/847962/concesiones
847961;NO;DIPUTACIÓN PROV. DE VALLADOLID;DIPUTACIÓN PROVINCIAL DE VALLADOLID;;23/07/2025;Decreto 3.865/25 de fecha 15/07/25 por el que se aprueba convenio con Fundación Nicolás Rodríguez (Olmedo) para programa respiro;;https://www.infosubvenciones.es/bdnstrans/GE/es/convocatorias/847961;https://www.infosubvenciones.es/bdnstrans/GE/es/convocatorias/847961/concesiones
847960;NO;DIPUTACIÓN PROV. DE VALLADOLID;DIPUTACIÓN PROVINCIAL DE VALLADOLID;;23/07/2025;Decreto de Presidencia 3.863/2025 de 15/07/25 por el que se aprueba convenio con Ayto Tordesillas para el programa respiro;;https://www.infosubvenciones.es/bdnstrans/GE/es/convocatorias/847960;https://www.infosubvenciones.es/bdnstrans/GE/es/convocatorias/847960/concesiones
847947;NO;DIPUTACIÓN PROV. DE VALLADOLID;DIPUTACIÓN PROVINCIAL DE VALLADOLID;;23/07/2025;"Decreto de la Presidencia nº 3680 de 3 de julio por el que se aprueba el convenio con el Club Deportivo Ponce Valladolid para la realización de su programa de actividades deportivas, año 2025";;https://www.infosubvenciones.es/bdnstrans/GE/es/convocatorias/847947;https://www.infosubvenciones.es/bdnstrans/GE/es/convocatorias/847947/concesiones
847585;NO;DIPUTACIÓN PROV. DE VALLADOLID;DIPUTACIÓN PROVINCIAL DE VALLADOLID;;22/07/2025;Decreto de Presidencia 3.679 de 3 julio 2025 por el que se aprueba convenio Fundación Aldaba - Proyecto Hombre para  programas de ?Patología dual? y ?Atención directa a las familias que se encuentren afectadas por situaciones de violencia intrafamiliar?;;https://www.infosubvenciones.es/bdnstrans/GE/es/convocatorias/847585;https://www.infosubvenciones.es/bdnstrans/GE/es/convocatorias/847585/concesiones
847584;NO;DIPUTACIÓN PROV. DE VALLADOLID;DIPUTACIÓN PROVINCIAL DE VALLADOLID;;22/07/2025;"Decreto de Presidencia 2105 de 11 abril 2025 por el que se aprueba convenio ACCEM Valladolid, para el desarrollo de un programa de mediación intercultural, año 2025.";;https://www.infosubvenciones.es/bdnstrans/GE/es/convocatorias/847584;https://www.infosubvenciones.es/bdnstrans/GE/es/convocatorias/847584/concesiones
847159;NO;DIPUTACIÓN PROV. DE VALLADOLID;DIPUTACIÓN PROVINCIAL DE VALLADOLID;;18/07/2025;"Decreto de Presidencia nº 3913 de 17 de julio de 2025 por el que se aprueba el extracto de la convocatoria de la `XLII Muestra de Teatro provincia, 2025`";;https://www.infosubvenciones.es/bdnstrans/GE/es/convocatorias/847159;https://www.infosubvenciones.es/bdnstrans/GE/es/convocatorias/847159/concesiones
847050;NO;DIPUTACIÓN PROV. DE VALLADOLID;DIPUTACIÓN PROVINCIAL DE VALLADOLID;;18/07/2025;"Dcto. de Presidencia nº 2759 de 21/05/25 por el que se aprueba el Convenio con el Ayuntamiento de San Miguel del Pino, para contribuir a la financiación del III Festival Internacional de Narración Oral `Memoria, Tierra y Voz`, año 2025";;https://www.infosubvenciones.es/bdnstrans/GE/es/convocatorias/847050;https://www.infosubvenciones.es/bdnstrans/GE/es/convocatorias/847050/concesiones
846998;NO;DIPUTACIÓN PROV. DE VALLADOLID;DIPUTACIÓN PROVINCIAL DE VALLADOLID;;18/07/2025;"Decreto nº 3.595 de 1 de julio de 2025, por el que se aprueba el convenio de colaboración con la Asociación Jacobea Vallisoletana (AJOVA) para la promoción de los Caminos a Santiago en la provincia de Valladolid, año 2025";;https://www.infosubvenciones.es/bdnstrans/GE/es/convocatorias/846998;https://www.infosubvenciones.es/bdnstrans/GE/es/convocatorias/846998/concesiones
846997;NO;DIPUTACIÓN PROV. DE VALLADOLID;DIPUTACIÓN PROVINCIAL DE VALLADOLID;;18/07/2025;"Decreto de Presidencia nº 3.765 de 8 de julio 2025, de colaboración con Cámara de Comercio de  Valladolid  para el desarrollo del programa ANTENA: SERVICIOS DE PROXIMIDAD, año 2025";;https://www.infosubvenciones.es/bdnstrans/GE/es/convocatorias/846997;https://www.infosubvenciones.es/bdnstrans/GE/es/convocatorias/846997/concesiones
846996;NO;DIPUTACIÓN PROV. DE VALLADOLID;DIPUTACIÓN PROVINCIAL DE VALLADOLID;;18/07/2025;"Decreto de Presidencia nº 3.749 de 7 de julio 2025, de colaboración con Cámara de Comercio de Valladolid, INTERNACIONALIZACION DE EMPRESAS , año 2025";;https://www.infosubvenciones.es/bdnstrans/GE/es/convocatorias/846996;https://www.infosubvenciones.es/bdnstrans/GE/es/convocatorias/846996/concesiones
846995;NO;DIPUTACIÓN PROV. DE VALLADOLID;DIPUTACIÓN PROVINCIAL DE VALLADOLID;;18/07/2025;"Decreto de la Presidencia nº 3748 de 7 de julio por el que se aprueba el convenio con el Club deportivo Tudela Bike para la realización de su programa de actividades deportivas, año 2025";;https://www.infosubvenciones.es/bdnstrans/GE/es/convocatorias/846995;https://www.infosubvenciones.es/bdnstrans/GE/es/convocatorias/846995/concesiones
846994;NO;DIPUTACIÓN PROV. DE VALLADOLID;DIPUTACIÓN PROVINCIAL DE VALLADOLID;;18/07/2025;"Decreto de la Presidencia nº 3591 de 1 de julio por el que se aprueba el convenio con Moto Club de Mototurismo-Motauros, para la realización de su programa de actividades deportivas, año 2025";;https://www.infosubvenciones.es/bdnstrans/GE/es/convocatorias/846994;https://www.infosubvenciones.es/bdnstrans/GE/es/convocatorias/846994/concesiones
846992;NO;DIPUTACIÓN PROV. DE VALLADOLID;DIPUTACIÓN PROVINCIAL DE VALLADOLID;;18/07/2025;"Decreto de la Presidencia nº 3592 de 1 de julio por el que se aprueba convenio con el Club de Fútbol Mojados para la realización de su programa de actividades deportivas, año 2025";;https://www.infosubvenciones.es/bdnstrans/GE/es/convocatorias/846992;https://www.infosubvenciones.es/bdnstrans/GE/es/convocatorias/846992/concesiones
846986;NO;DIPUTACIÓN PROV. DE VALLADOLID;DIPUTACIÓN PROVINCIAL DE VALLADOLID;;18/07/2025;Decreto de Presidencia 3.589 de 1 julio 2025 por el que se aprueba convenio con Ayto Rueda para el funcionamiento  y mantenimiento red servicios para personas con discapacidad ambito rural Valladolid;;https://www.infosubvenciones.es/bdnstrans/GE/es/convocatorias/846986;https://www.infosubvenciones.es/bdnstrans/GE/es/convocatorias/846986/concesiones
846985;NO;DIPUTACIÓN PROV. DE VALLADOLID;DIPUTACIÓN PROVINCIAL DE VALLADOLID;;18/07/2025;"Decreto de la Presidencia nº3516 de 27 de junio por el que se aprueba convenio con el Club de Rugby El Salvador para la realización de su programa de actividades deportivas, año 2025";;https://www.infosubvenciones.es/bdnstrans/GE/es/convocatorias/846985;https://www.infosubvenciones.es/bdnstrans/GE/es/convocatorias/846985/concesiones
846984;NO;DIPUTACIÓN PROV. DE VALLADOLID;DIPUTACIÓN PROVINCIAL DE VALLADOLID;;18/07/2025;"Decreto de la Presidencia nº 3474 de 25 junio de 2025 por el que se aprueba el convenio con la Federación Española de Galgos, para la realización del programa de actividades deportivas, 2025";;https://www.infosubvenciones.es/bdnstrans/GE/es/convocatorias/846984;https://www.infosubvenciones.es/bdnstrans/GE/es/convocatorias/846984/concesiones
846983;NO;DIPUTACIÓN PROV. DE VALLADOLID;DIPUTACIÓN PROVINCIAL DE VALLADOLID;;18/07/2025;"Decreto de presidencia nº 3.593 de fecha 1 de julio de 2025 por el que se aprueba el Convenio entre la Diputación de Valladolid y FECOSVA `BONOS DISFRUTA LA PROVINCIA,2025`";;https://www.infosubvenciones.es/bdnstrans/GE/es/convocatorias/846983;https://www.infosubvenciones.es/bdnstrans/GE/es/convocatorias/846983/concesiones
846982;NO;DIPUTACIÓN PROV. DE VALLADOLID;DIPUTACIÓN PROVINCIAL DE VALLADOLID;;18/07/2025;"Decreto de la Presidencia nº 3517 de 27 de junio por el que se aprueba convenio de colaboración con el Centro de Desarrollo Rural Valdecea para el mantenimiento del punto de información juvenil, año 2025";;https://www.infosubvenciones.es/bdnstrans/GE/es/convocatorias/846982;https://www.infosubvenciones.es/bdnstrans/GE/es/convocatorias/846982/concesiones
846981;NO;DIPUTACIÓN PROV. DE VALLADOLID;DIPUTACIÓN PROVINCIAL DE VALLADOLID;;18/07/2025;"Decreto de la Presidencia nº3473 de 25 junio de 2025 por el que se aprueba el convenio con la Federación de Hípica de Castilla y León, para la realización del programa de actividades deportivas, año 2025";;https://www.infosubvenciones.es/bdnstrans/GE/es/convocatorias/846981;https://www.infosubvenciones.es/bdnstrans/GE/es/convocatorias/846981/concesiones
846980;NO;DIPUTACIÓN PROV. DE VALLADOLID;DIPUTACIÓN PROVINCIAL DE VALLADOLID;;18/07/2025;"Decreto de Presidencia nº 3.299 de 16 de junio de 2025, de colaboración con la FUNDACIÓN UNIVERSITARIA SAN PABLO CEU CASTILLA Y LEON ?Programa de desarrollo profesional para mujeres de la provincia de Valladolid, año 2025?";;https://www.infosubvenciones.es/bdnstrans/GE/es/convocatorias/846980;https://www.infosubvenciones.es/bdnstrans/GE/es/convocatorias/846980/concesiones
846979;NO;DIPUTACIÓN PROV. DE VALLADOLID;DIPUTACIÓN PROVINCIAL DE VALLADOLID;;18/07/2025;"Decreto nº 3.155 de 10 de junio de 2025 por el que se aprueba el convenio de colaboración con el Consejo Regulador de la IGP Lenteja Tierra de Campos, año 2025";;https://www.infosubvenciones.es/bdnstrans/GE/es/convocatorias/846979;https://www.infosubvenciones.es/bdnstrans/GE/es/convocatorias/846979/concesiones
846978;NO;DIPUTACIÓN PROV. DE VALLADOLID;DIPUTACIÓN PROVINCIAL DE VALLADOLID;;18/07/2025;Decreto de Presidencia 3130 de 9 junio 2025 por el que se aprueba convenio con Federación de Balonmano de Cy L para actividades deportivas 2025;;https://www.infosubvenciones.es/bdnstrans/GE/es/convocatorias/846978;https://www.infosubvenciones.es/bdnstrans/GE/es/convocatorias/846978/concesiones
846977;NO;DIPUTACIÓN PROV. DE VALLADOLID;DIPUTACIÓN PROVINCIAL DE VALLADOLID;;18/07/2025;"Decreto de la Presidencia nº 3062 de 6 junio 2025, por el que se aprueba el convenio con la Federación de Futbol de CYL para la realización de su programa de actividades deportivas, año 2025";;https://www.infosubvenciones.es/bdnstrans/GE/es/convocatorias/846977;https://www.infosubvenciones.es/bdnstrans/GE/es/convocatorias/846977/concesiones
846976;NO;DIPUTACIÓN PROV. DE VALLADOLID;DIPUTACIÓN PROVINCIAL DE VALLADOLID;;18/07/2025;"Decreto de la Presidencia nº3064 de 6 junio 2025, por el que se aprueba el convenio con el Club de tenis de Medina del Campo, Infinity Tennis, para la realización de su programa de actividades deportivas, año 2025";;https://www.infosubvenciones.es/bdnstrans/GE/es/convocatorias/846976;https://www.infosubvenciones.es/bdnstrans/GE/es/convocatorias/846976/concesiones
846975;NO;DIPUTACIÓN PROV. DE VALLADOLID;DIPUTACIÓN PROVINCIAL DE VALLADOLID;;18/07/2025;"Decreto de la Presidencia nº 3063 de 6 junio 2025 por el que se aprueba el convenio con la Federación de Caza de CYL para la realización de su programa de actividades deportivas, año 2025";;https://www.infosubvenciones.es/bdnstrans/GE/es/convocatorias/846975;https://www.infosubvenciones.es/bdnstrans/GE/es/convocatorias/846975/concesiones
846122;NO;DIPUTACIÓN PROV. DE VALLADOLID;DIPUTACIÓN PROVINCIAL DE VALLADOLID;;15/07/2025;"Acuerdo Junta de Gobierno Local nº 94/25, de 27 de junio, por el que se aprueba la convocatoria de subvenciones para implementar medidas del Plan Mujer en materia de conciliación y formación, año 2025.";;https://www.infosubvenciones.es/bdnstrans/GE/es/convocatorias/846122;https://www.infosubvenciones.es/bdnstrans/GE/es/convocatorias/846122/concesiones
845942;NO;DIPUTACIÓN PROV. DE VALLADOLID;DIPUTACIÓN PROVINCIAL DE VALLADOLID;;14/07/2025;Acuerdo de Pleno nº 140/25 de 27 de junio del Pleno por el que se convocan ayudas Fondo de Cohesión Territorial mediante Convenio entre la Comunidad de Castilla y León y la Diputación Provincial de Valladolid;;https://www.infosubvenciones.es/bdnstrans/GE/es/convocatorias/845942;https://www.infosubvenciones.es/bdnstrans/GE/es/convocatorias/845942/concesiones
845941;NO;DIPUTACIÓN PROV. DE VALLADOLID;DIPUTACIÓN PROVINCIAL DE VALLADOLID;;14/07/2025;"Acuerdo nº 96/25 de 27 de junio de la Junta Gºpor el que se aprueba Convocatoria de subvenciones a Ayuntamientos cabecera de CEAS de municipios de menos de 20.000 habitantes provincia Valladolid, para la realización de obras y/o adquisición de equipamient";;https://www.infosubvenciones.es/bdnstrans/GE/es/convocatorias/845941;https://www.infosubvenciones.es/bdnstrans/GE/es/convocatorias/845941/concesiones
845940;NO;DIPUTACIÓN PROV. DE VALLADOLID;DIPUTACIÓN PROVINCIAL DE VALLADOLID;;14/07/2025;Acuerdo nº 142/25. de 27 de junio Convocatoria de subvenciones a Ayuntamientos de menos de 20.000 habitantes y EELLMM de Valladolid para financiar obras y/o adquisición de equipamiento inventariable con destino a locales municipales  personas mayores;;https://www.infosubvenciones.es/bdnstrans/GE/es/convocatorias/845940;https://www.infosubvenciones.es/bdnstrans/GE/es/convocatorias/845940/concesiones
845939;NO;DIPUTACIÓN PROV. DE VALLADOLID;DIPUTACIÓN PROVINCIAL DE VALLADOLID;;14/07/2025;Acuerdo nº 98/25 de 27 de junio de Junta Gº  por el que se aprueba Convocatoria de subvenciones a Ayuntamientos de menos de 20.000 habitantes y EELLMM de la provincia de Valladolid para la adquisición y formación de DESA;;https://www.infosubvenciones.es/bdnstrans/GE/es/convocatorias/845939;https://www.infosubvenciones.es/bdnstrans/GE/es/convocatorias/845939/concesiones
842639;NO;DIPUTACIÓN PROV. DE VALLADOLID;DIPUTACIÓN PROVINCIAL DE VALLADOLID;;26/06/2025;Decreto Presidencia 3128 de 9 junio 2025 por el que se aprueba convenio Club Deportivo Vallisoletano de Ajedrez para actividades deportivas 2025;;https://www.infosubvenciones.es/bdnstrans/GE/es/convocatorias/842639;https://www.infosubvenciones.es/bdnstrans/GE/es/convocatorias/842639/concesiones
842638;NO;DIPUTACIÓN PROV. DE VALLADOLID;DIPUTACIÓN PROVINCIAL DE VALLADOLID;;26/06/2025;"Decreto de Presidencia nº 2.366 de 30 de abril 2025, de colaboración con CEOE VALLADOLID  para el desarrollo del programa HAFI, año 2025";;https://www.infosubvenciones.es/bdnstrans/GE/es/convocatorias/842638;https://www.infosubvenciones.es/bdnstrans/GE/es/convocatorias/842638/concesiones
842637;NO;DIPUTACIÓN PROV. DE VALLADOLID;DIPUTACIÓN PROVINCIAL DE VALLADOLID;;26/06/2025;"Decreto de Presidencia nº 3.132 de 9 de junio de  2025, de colaboración con CEOE VALLADOLID  para el desarrollo del programa OBJETIVO FUTURO, año 2025";;https://www.infosubvenciones.es/bdnstrans/GE/es/convocatorias/842637;https://www.infosubvenciones.es/bdnstrans/GE/es/convocatorias/842637/concesiones
842636;NO;DIPUTACIÓN PROV. DE VALLADOLID;DIPUTACIÓN PROVINCIAL DE VALLADOLID;;26/06/2025;"Decreto de Presidencia nº 3.133 de 9 de junio 2025, de colaboración con CEOE VALLADOLID  para el desarrollo del programa VALLADOLID SOSTENIBLE, año 2025";;https://www.infosubvenciones.es/bdnstrans/GE/es/convocatorias/842636;https://www.infosubvenciones.es/bdnstrans/GE/es/convocatorias/842636/concesiones
842635;NO;DIPUTACIÓN PROV. DE VALLADOLID;DIPUTACIÓN PROVINCIAL DE VALLADOLID;;26/06/2025;Decreto de Presidencia nº 3129 de 9 junio 2025 por el que se aprueba convenio Club Deportivo Laguna para actividades deportivas 2025;;https://www.infosubvenciones.es/bdnstrans/GE/es/convocatorias/842635;https://www.infosubvenciones.es/bdnstrans/GE/es/convocatorias/842635/concesiones
842634;NO;DIPUTACIÓN PROV. DE VALLADOLID;DIPUTACIÓN PROVINCIAL DE VALLADOLID;;26/06/2025;"Decreto de Presidencia 3.006 de 3 de junio 2025 por el que se aprueba convenio con Cruz Roja programa alquiler personas o familias desahuciadas vivienda habitual, programas inclusion social y voluntariado medio rural, 2025";;https://www.infosubvenciones.es/bdnstrans/GE/es/convocatorias/842634;https://www.infosubvenciones.es/bdnstrans/GE/es/convocatorias/842634/concesiones
842633;NO;DIPUTACIÓN PROV. DE VALLADOLID;DIPUTACIÓN PROVINCIAL DE VALLADOLID;;26/06/2025;"Decreto de Presidencia 2.909 de 30 mayo 2025 por el que se aprueba Convenio de colaboración entre la Diputación de Valladolid y el Club Baloncesto Ciudad de Valladolid para la realización de su programa de actividades deportivas, año 2025.";;https://www.infosubvenciones.es/bdnstrans/GE/es/convocatorias/842633;https://www.infosubvenciones.es/bdnstrans/GE/es/convocatorias/842633/concesiones
842632;NO;DIPUTACIÓN PROV. DE VALLADOLID;DIPUTACIÓN PROVINCIAL DE VALLADOLID;;26/06/2025;Decreto Presidencia 2.884 de 28 mayo por el que se aprueba convenio Ayto de Mojados para el funcionamiento y mantenimiento Red Servicios para personas con discapacidad ambito rural 2025;;https://www.infosubvenciones.es/bdnstrans/GE/es/convocatorias/842632;https://www.infosubvenciones.es/bdnstrans/GE/es/convocatorias/842632/concesiones
842631;NO;DIPUTACIÓN PROV. DE VALLADOLID;DIPUTACIÓN PROVINCIAL DE VALLADOLID;;26/06/2025;Decreto de Presidencia 2.883 de 28 de mayo por el que se aprueba convenio Ayto de Medina de Rioseco para el funcionamiento y mantenimiento Red Servicios para personas con discapacidad ambito rural 2025;;https://www.infosubvenciones.es/bdnstrans/GE/es/convocatorias/842631;https://www.infosubvenciones.es/bdnstrans/GE/es/convocatorias/842631/concesiones
842630;NO;DIPUTACIÓN PROV. DE VALLADOLID;DIPUTACIÓN PROVINCIAL DE VALLADOLID;;26/06/2025;Decreto Presidencia 2.886 de 28 mayo por el que se aprueba convenio Ayto de Peñafiel para el funcionamiento y mantenimiento Red Servicios para personas con discapacidad ambito rural 2025;;https://www.infosubvenciones.es/bdnstrans/GE/es/convocatorias/842630;https://www.infosubvenciones.es/bdnstrans/GE/es/convocatorias/842630/concesiones
842629;NO;DIPUTACIÓN PROV. DE VALLADOLID;DIPUTACIÓN PROVINCIAL DE VALLADOLID;;26/06/2025;"Dcto. de Presidencia 2823 de 26/05/25 por el que se aprueba el Convenio con el Centro Social Católico de Obreros para financiar el primer premio del XXXVII Certamen de poesía `Medina del Campo y Honorio Román fotógrafo e impresor`, año 2025.";;https://www.infosubvenciones.es/bdnstrans/GE/es/convocatorias/842629;https://www.infosubvenciones.es/bdnstrans/GE/es/convocatorias/842629/concesiones
842628;NO;DIPUTACIÓN PROV. DE VALLADOLID;DIPUTACIÓN PROVINCIAL DE VALLADOLID;;26/06/2025;"Decreto de Presidencia 2889 de 28 mayo 2025 por el que se aprueba convenio ADIVA para la realización del Proyecto ?Salud y diabetes en comunidades rurales de la provincia de Valladolid?, año 2025";;https://www.infosubvenciones.es/bdnstrans/GE/es/convocatorias/842628;https://www.infosubvenciones.es/bdnstrans/GE/es/convocatorias/842628/concesiones
842627;NO;DIPUTACIÓN PROV. DE VALLADOLID;DIPUTACIÓN PROVINCIAL DE VALLADOLID;;26/06/2025;"Decreto Presidencia 2.859  de 28 mayo 2025 por el que se aprueba convenio ASIES, para el desarrollo del programa ?Red de Municipios de Valladolid: Hombres por la Igualdad, año 2025?.";;https://www.infosubvenciones.es/bdnstrans/GE/es/convocatorias/842627;https://www.infosubvenciones.es/bdnstrans/GE/es/convocatorias/842627/concesiones
842626;NO;DIPUTACIÓN PROV. DE VALLADOLID;DIPUTACIÓN PROVINCIAL DE VALLADOLID;;26/06/2025;"Decreto de Presidencia2803 de 26 mayo 2025 por el que se aprueba convenio Fundación + 34, para el desarrollo de un proyecto de asistencia a españoles retornados del extranjero en situación de desamparo y vulnerabilidad en la provincia de Valladolid";;https://www.infosubvenciones.es/bdnstrans/GE/es/convocatorias/842626;https://www.infosubvenciones.es/bdnstrans/GE/es/convocatorias/842626/concesiones
842624;NO;DIPUTACIÓN PROV. DE VALLADOLID;DIPUTACIÓN PROVINCIAL DE VALLADOLID;;26/06/2025;Decreto de Presidencia 2.746 de 21 mayo 2025 por el que se aprueba convenio Vallalexia para  proyecto de actuaciones atención al alumnado con dificultades específicas de lectoescritura y matemáticas en la provincia de Valladolid.;;https://www.infosubvenciones.es/bdnstrans/GE/es/convocatorias/842624;https://www.infosubvenciones.es/bdnstrans/GE/es/convocatorias/842624/concesiones
842623;NO;DIPUTACIÓN PROV. DE VALLADOLID;DIPUTACIÓN PROVINCIAL DE VALLADOLID;;26/06/2025;"Decreto de Presidencia nº 2.367 de 30 de abril 2025, de colaboración con CEOE VALLADOLID  para el desarrollo del programa TE ACOMPAÑAMOS , año 2025";;https://www.infosubvenciones.es/bdnstrans/GE/es/convocatorias/842623;https://www.infosubvenciones.es/bdnstrans/GE/es/convocatorias/842623/concesiones
842622;NO;DIPUTACIÓN PROV. DE VALLADOLID;DIPUTACIÓN PROVINCIAL DE VALLADOLID;;26/06/2025;Decreto de Presidencia 2047 de 9 abril 2025 por el que se aprueba convenio con Ayuntamiento de Tudela de Duero para el funcionamiento y mantenimiento de los servicios de la Red  para personas con discapacidad del ámbito rural de la p;;https://www.infosubvenciones.es/bdnstrans/GE/es/convocatorias/842622;https://www.infosubvenciones.es/bdnstrans/GE/es/convocatorias/842622/concesiones
842621;NO;DIPUTACIÓN PROV. DE VALLADOLID;DIPUTACIÓN PROVINCIAL DE VALLADOLID;;26/06/2025;Dcto. de Presidencia nº 2012 de 8/04/25 por el que se aprueba el Convenio con la Fundación Municipal de Cultura para la realización de la 70ª Semana Internacional de Cine de Valladolid (SEMINCI);;https://www.infosubvenciones.es/bdnstrans/GE/es/convocatorias/842621;https://www.infosubvenciones.es/bdnstrans/GE/es/convocatorias/842621/concesiones
842620;NO;DIPUTACIÓN PROV. DE VALLADOLID;DIPUTACIÓN PROVINCIAL DE VALLADOLID;;26/06/2025;"Decreto de Presidencia 2109 de 11 abril 2025 por el que se aprueba Club Patinaje en Línea Valladolid para la realización de su programa deportivo, año 2025.";;https://www.infosubvenciones.es/bdnstrans/GE/es/convocatorias/842620;https://www.infosubvenciones.es/bdnstrans/GE/es/convocatorias/842620/concesiones
842619;NO;DIPUTACIÓN PROV. DE VALLADOLID;DIPUTACIÓN PROVINCIAL DE VALLADOLID;;26/06/2025;Decreto de Presidencia 2802 de 26 de mayo de 2025 por el que se aprueba convenio Asociación Esclerosis Múltiple Valladolid para la realización de un proyecto de atención integral a afectados de esclerosis múltiple en la provincia de Valladolid y promoción;;https://www.infosubvenciones.es/bdnstrans/GE/es/convocatorias/842619;https://www.infosubvenciones.es/bdnstrans/GE/es/convocatorias/842619/concesiones
842615;NO;DIPUTACIÓN PROV. DE VALLADOLID;DIPUTACIÓN PROVINCIAL DE VALLADOLID;;26/06/2025;Acuerdo de la Junta de Gobierno nº 66/25 de fecha 30 de mayo de 2025 por el que se aprueba la convocatoria de la 29ª Edición de Premios de Periodismo Provincia de Valladolid año 2024;;https://www.infosubvenciones.es/bdnstrans/GE/es/convocatorias/842615;https://www.infosubvenciones.es/bdnstrans/GE/es/convocatorias/842615/concesiones
841053;NO;DIPUTACIÓN PROV. DE VALLADOLID;DIPUTACIÓN PROVINCIAL DE VALLADOLID;;18/06/2025;"Decreto 2174 de 15 abril 2025 por el que se aprueba convenio Federación de Piragüismo de Castilla y León para la celebración del IV Trofeo Diputación de Valladolid ?Navegando por la Provincia?, año 2025.";;https://www.infosubvenciones.es/bdnstrans/GE/es/convocatorias/841053;https://www.infosubvenciones.es/bdnstrans/GE/es/convocatorias/841053/concesiones
841052;NO;DIPUTACIÓN PROV. DE VALLADOLID;DIPUTACIÓN PROVINCIAL DE VALLADOLID;;18/06/2025;Acuerdo Pleno 117/25 de 30 mayo por el que se aprueba convocatoria Ayuntamientos provincia Valladolid que concedan ayudas para la adquisición de material escolar al alumnado matriculado en el segundo ciclo de EI durante el curso escolar 2025/2026;;https://www.infosubvenciones.es/bdnstrans/GE/es/convocatorias/841052;https://www.infosubvenciones.es/bdnstrans/GE/es/convocatorias/841052/concesiones
840736;NO;DIPUTACIÓN PROV. DE VALLADOLID;DIPUTACIÓN PROVINCIAL DE VALLADOLID;;17/06/2025;"Dcto. de Presidencia nº 2521 de 16/05/25 por el que se aprueba el Convenio con la Federación de Casas Regionales y Provinciales de la Comunidad de Castilla y León, para colaborar en la financiación de la Feria de Folclore y Gastronomía, año 2025.";;https://www.infosubvenciones.es/bdnstrans/GE/es/convocatorias/840736;https://www.infosubvenciones.es/bdnstrans/GE/es/convocatorias/840736/concesiones
840733;NO;DIPUTACIÓN PROV. DE VALLADOLID;DIPUTACIÓN PROVINCIAL DE VALLADOLID;;17/06/2025;"Decreto de Presidencia nº 2.365 de 30 de abril 2025, de colaboración con CEOE VALLADOLID  para el desarrollo del programa  BOOMERANG, año 2025";;https://www.infosubvenciones.es/bdnstrans/GE/es/convocatorias/840733;https://www.infosubvenciones.es/bdnstrans/GE/es/convocatorias/840733/concesiones
840732;NO;DIPUTACIÓN PROV. DE VALLADOLID;DIPUTACIÓN PROVINCIAL DE VALLADOLID;;17/06/2025;"Decreto de Presidencia nº 2.368 de 30 de abril 2025, de colaboración con  CEOE VALLADOLID para el desarrollo del programa CONSOLÍDATE  año 2025";;https://www.infosubvenciones.es/bdnstrans/GE/es/convocatorias/840732;https://www.infosubvenciones.es/bdnstrans/GE/es/convocatorias/840732/concesiones
840731;NO;DIPUTACIÓN PROV. DE VALLADOLID;DIPUTACIÓN PROVINCIAL DE VALLADOLID;;17/06/2025;"Acuerdo 73/25 de la Junta de Gº de 30 mayo por el que se aprueba convocatoria de ayudas económicas a estudiantes de la provincia de Valladolid, curso académico 2025/2026";;https://www.infosubvenciones.es/bdnstrans/GE/es/convocatorias/840731;https://www.infosubvenciones.es/bdnstrans/GE/es/convocatorias/840731/concesiones
839695;NO;DIPUTACIÓN PROV. DE VALLADOLID;DIPUTACIÓN PROVINCIAL DE VALLADOLID;;12/06/2025;"Decreto nº 2.268 de 24 de abril de 2025 por el que se aprueba el Convenio de Colaboración a suscribir entre la Cámara Agraria Provincial de Valladolid y la Diputación Provincial de Valladolid, para la realización de análisis de suelo, año 2025";;https://www.infosubvenciones.es/bdnstrans/GE/es/convocatorias/839695;https://www.infosubvenciones.es/bdnstrans/GE/es/convocatorias/839695/concesiones
839679;NO;DIPUTACIÓN PROV. DE VALLADOLID;DIPUTACIÓN PROVINCIAL DE VALLADOLID;;12/06/2025;"Decreto de Presidencia nº 2104 de 11 abril 2025 por el que se aprueba convenio APROME para la gestión de los proyectos ?Punto de encuentro familiar para las familias de la provincia de Valladolid? y ?Adaptándonos. Dos casas una familia?, año 2025.";;https://www.infosubvenciones.es/bdnstrans/GE/es/convocatorias/839679;https://www.infosubvenciones.es/bdnstrans/GE/es/convocatorias/839679/concesiones
839678;NO;DIPUTACIÓN PROV. DE VALLADOLID;DIPUTACIÓN PROVINCIAL DE VALLADOLID;;12/06/2025;"Acuerdo Pleno 116/25 de 30 mayo por el que se aprueba Ayuntamientos de menos de 20.000 habitantes, Entidades Locales Menores, y Mancomunidades de la provincia de Valladolid para la adquisición de material deportivo inventariable, año 2025.";;https://www.infosubvenciones.es/bdnstrans/GE/es/convocatorias/839678;https://www.infosubvenciones.es/bdnstrans/GE/es/convocatorias/839678/concesiones
839677;NO;DIPUTACIÓN PROV. DE VALLADOLID;DIPUTACIÓN PROVINCIAL DE VALLADOLID;;12/06/2025;"Acuerdo de Pleno nº 111/25 de 30/05/25 por el que se aprueba la Convocatoria de Subvenciones para Ayuntamientos y Entidades Locales, para fomentar el asentamiento y arraigo de la población, año 2025.";;https://www.infosubvenciones.es/bdnstrans/GE/es/convocatorias/839677;https://www.infosubvenciones.es/bdnstrans/GE/es/convocatorias/839677/concesiones
839676;NO;DIPUTACIÓN PROV. DE VALLADOLID;DIPUTACIÓN PROVINCIAL DE VALLADOLID;;12/06/2025;Acuerdo Pleno 120/25 de 30 mayo por el que se aprueba Convocatoria de subvenciones a Ayuntamientos de menos de 20.000 habitantes y ELM para la eliminación de barreras arquitectónicas y mejora de la accesibilidad en edificios de titularidad municipal;;https://www.infosubvenciones.es/bdnstrans/GE/es/convocatorias/839676;https://www.infosubvenciones.es/bdnstrans/GE/es/convocatorias/839676/concesiones
839675;NO;DIPUTACIÓN PROV. DE VALLADOLID;DIPUTACIÓN PROVINCIAL DE VALLADOLID;;12/06/2025;"Dcto. de Presidencia nº 2612 de 14/05/25 por el que se aprueba el Convenio con el Ayuntamiento de Olmedo para financiar el desarrollo del XIX Festival de Teatro Clásico, año 2025.";;https://www.infosubvenciones.es/bdnstrans/GE/es/convocatorias/839675;https://www.infosubvenciones.es/bdnstrans/GE/es/convocatorias/839675/concesiones
839674;NO;DIPUTACIÓN PROV. DE VALLADOLID;DIPUTACIÓN PROVINCIAL DE VALLADOLID;;12/06/2025;"Dcto. de Presidencia nº 2318 de 28/04/25 por el que se aprueba el Convenio con la Universidad de Valladolid y con el Arzobispado de Valladolid, para la protección y difusión del órgano barroco en la provincia de Valladolid, año 2025.";;https://www.infosubvenciones.es/bdnstrans/GE/es/convocatorias/839674;https://www.infosubvenciones.es/bdnstrans/GE/es/convocatorias/839674/concesiones
839673;NO;DIPUTACIÓN PROV. DE VALLADOLID;DIPUTACIÓN PROVINCIAL DE VALLADOLID;;12/06/2025;Decreto de Presidencia nº 1457 de 13 de marzo de 2025 por el que se aprueba el ?Convenio de Colaboración entre la Excma. Diputación Provincial de Valladolid y la Asociación para la conservación y el estudio de la naturaleza de Valladolid? 2025;;https://www.infosubvenciones.es/bdnstrans/GE/es/convocatorias/839673;https://www.infosubvenciones.es/bdnstrans/GE/es/convocatorias/839673/concesiones
839671;NO;DIPUTACIÓN PROV. DE VALLADOLID;DIPUTACIÓN PROVINCIAL DE VALLADOLID;;12/06/2025;"Decreto de Presidencia nº 2175 de 15 de abril de 2025 por el que se aprueba el Convenio de Colaboración entre la Diputación de Valladolid y el Ayto de El Carpio, para la concesión de una subvención nominativa para la organización del congreso de la patata";;https://www.infosubvenciones.es/bdnstrans/GE/es/convocatorias/839671;https://www.infosubvenciones.es/bdnstrans/GE/es/convocatorias/839671/concesiones
839670;NO;DIPUTACIÓN PROV. DE VALLADOLID;DIPUTACIÓN PROVINCIAL DE VALLADOLID;;12/06/2025;Acuerdo de Pleno nº 114/25 de 30 de mayo por el que se conceden subvenciones dirigidas a financiar el déficit de explotación derivado de la 7ª Renovación y reestructuración de la 5ª fase del Plan Provincial de Transporte;;https://www.infosubvenciones.es/bdnstrans/GE/es/convocatorias/839670;https://www.infosubvenciones.es/bdnstrans/GE/es/convocatorias/839670/concesiones
839669;NO;DIPUTACIÓN PROV. DE VALLADOLID;DIPUTACIÓN PROVINCIAL DE VALLADOLID;;12/06/2025;"Decreto de Presidencia nº 1045 de 3 de marzo de 2025 por el que se aprueba el Convenio de Colaboración entre la Excma. Diputación Provincial de Valladolid y la Federación Frisona de Castilla y León?, ejercicio 2025";;https://www.infosubvenciones.es/bdnstrans/GE/es/convocatorias/839669;https://www.infosubvenciones.es/bdnstrans/GE/es/convocatorias/839669/concesiones
839668;NO;DIPUTACIÓN PROV. DE VALLADOLID;DIPUTACIÓN PROVINCIAL DE VALLADOLID;;12/06/2025;"Acuerdo 119/25 de 30 mayo por el que se aprueba Convenio de colaboración con los Ayuntamientos del programa ?Crecemos?, año 2025.";;https://www.infosubvenciones.es/bdnstrans/GE/es/convocatorias/839668;https://www.infosubvenciones.es/bdnstrans/GE/es/convocatorias/839668/concesiones
839667;NO;DIPUTACIÓN PROV. DE VALLADOLID;DIPUTACIÓN PROVINCIAL DE VALLADOLID;;12/06/2025;Decreto de Presidencia nº 972 de 27 de febrero de 2025 por el que se aprueba el Convenio de Colaboración entre la Diputación Provincial de Valladolid y la Fundación del Patrimonio Natural de Castilla y León para el desarrollo del programa Ven al Prae 2025;;https://www.infosubvenciones.es/bdnstrans/GE/es/convocatorias/839667;https://www.infosubvenciones.es/bdnstrans/GE/es/convocatorias/839667/concesiones
839666;NO;DIPUTACIÓN PROV. DE VALLADOLID;DIPUTACIÓN PROVINCIAL DE VALLADOLID;;12/06/2025;"Decreto de Presidencia nº 1.220 de 6 de marzo de 2025 por el que se aprueba el Convenio de colaboración con el Consorcio Institucional Ferial de Castilla y León, para impulsar la organización de la Feria Internacional de Enoturismo (FINE), 2025.";;https://www.infosubvenciones.es/bdnstrans/GE/es/convocatorias/839666;https://www.infosubvenciones.es/bdnstrans/GE/es/convocatorias/839666/concesiones
839665;NO;DIPUTACIÓN PROV. DE VALLADOLID;DIPUTACIÓN PROVINCIAL DE VALLADOLID;;12/06/2025;"Dcto. de Presidencia nº 2221 de 22/04/25 por el que se aprueba el Convenio con el Ayuntamiento de Renedo de Esgueva para colaborar en la financiación de la campaña de excavación del yacimiento `Las Calaveras`, año 2025";;https://www.infosubvenciones.es/bdnstrans/GE/es/convocatorias/839665;https://www.infosubvenciones.es/bdnstrans/GE/es/convocatorias/839665/concesiones
838203;NO;DIPUTACIÓN PROV. DE VALLADOLID;DIPUTACIÓN PROVINCIAL DE VALLADOLID;;06/06/2025;"Acuerdo de Junta de Gobierno nº 56/25 de 25/04/25 por el que se aprueba la Convocatoria del Premio Internacional de Piano Frechilla-Zuloaga, 2025";;https://www.infosubvenciones.es/bdnstrans/GE/es/convocatorias/838203;https://www.infosubvenciones.es/bdnstrans/GE/es/convocatorias/838203/concesiones
837646;NO;DIPUTACIÓN PROV. DE VALLADOLID;DIPUTACIÓN PROVINCIAL DE VALLADOLID;;05/06/2025;"Decreto Presidencia 2108 de 11 abril 2025 por el que se aprueba convenio con Federación de Pádel de Castilla y León para la realización de su Programa de Actividades Deportivas, año 2025.";;https://www.infosubvenciones.es/bdnstrans/GE/es/convocatorias/837646;https://www.infosubvenciones.es/bdnstrans/GE/es/convocatorias/837646/concesiones
837645;NO;DIPUTACIÓN PROV. DE VALLADOLID;DIPUTACIÓN PROVINCIAL DE VALLADOLID;;05/06/2025;"Dcto. de Presidencia nº 2317 de 28/04/25 por el que se aprueba el Convenio con el Ayuntamiento de Medina del Campo para el desarrollo de actividades culturales, año 2025";;https://www.infosubvenciones.es/bdnstrans/GE/es/convocatorias/837645;https://www.infosubvenciones.es/bdnstrans/GE/es/convocatorias/837645/concesiones
837644;NO;DIPUTACIÓN PROV. DE VALLADOLID;DIPUTACIÓN PROVINCIAL DE VALLADOLID;;05/06/2025;"Acuerdo Pleno 91/25 de 25 abril por el que se aprueba Convenio de Colaboración entre la Diputación Provincial de Valladolid y los Ayuntamientos cabecera de CEAS para la gestión y organización de los Centros de Acción Social ubicados en sus municipios,";;https://www.infosubvenciones.es/bdnstrans/GE/es/convocatorias/837644;https://www.infosubvenciones.es/bdnstrans/GE/es/convocatorias/837644/concesiones
835056;NO;DIPUTACIÓN PROV. DE VALLADOLID;DIPUTACIÓN PROVINCIAL DE VALLADOLID;;26/05/2025;"Decreto de Presidencia nº 2349, de 30 de abril de 2025, por el que se aprueba el Convenio de colaboración con FECOSVA, para la campaña `Esta primavera, comprar en tu comercio vecino tiene premio, 2025`.";;https://www.infosubvenciones.es/bdnstrans/GE/es/convocatorias/835056;https://www.infosubvenciones.es/bdnstrans/GE/es/convocatorias/835056/concesiones
835055;NO;DIPUTACIÓN PROV. DE VALLADOLID;DIPUTACIÓN PROVINCIAL DE VALLADOLID;;26/05/2025;"Decreto de Presidencia 2249 de 22 abril 2025 por el que se aprueba convenio Cáritas Diocesana de Valladolid, para ayudas para alquiler a personas o familias desahuciadas de su vivienda habitual y  inclusión social, año 2025.";;https://www.infosubvenciones.es/bdnstrans/GE/es/convocatorias/835055;https://www.infosubvenciones.es/bdnstrans/GE/es/convocatorias/835055/concesiones
835054;NO;DIPUTACIÓN PROV. DE VALLADOLID;DIPUTACIÓN PROVINCIAL DE VALLADOLID;;26/05/2025;"Decreto 1894 de 1 abril 2025 por el que se aprueba convenio AECC para programa detección precoz cancer de mama, proyecto sensibilización y apoyo en el medio rural";;https://www.infosubvenciones.es/bdnstrans/GE/es/convocatorias/835054;https://www.infosubvenciones.es/bdnstrans/GE/es/convocatorias/835054/concesiones
835053;NO;DIPUTACIÓN PROV. DE VALLADOLID;DIPUTACIÓN PROVINCIAL DE VALLADOLID;;26/05/2025;Decreto de Presidencia nº 2342 de 29 abril 2025 por el que se aprueba convenio ayuntamiento Iscar para mantenimiento de la  red servicios con discapacidad 2025;;https://www.infosubvenciones.es/bdnstrans/GE/es/convocatorias/835053;https://www.infosubvenciones.es/bdnstrans/GE/es/convocatorias/835053/concesiones
835052;NO;DIPUTACIÓN PROV. DE VALLADOLID;DIPUTACIÓN PROVINCIAL DE VALLADOLID;;26/05/2025;"Dcto. de Presidencia nº 2329 de 28/04/25 por el que se aprueba el Convenio con la Asociación Amigos del Teatro, para contribuir a la financiación y desarrollo de las actividades que realice durante 2025.";;https://www.infosubvenciones.es/bdnstrans/GE/es/convocatorias/835052;https://www.infosubvenciones.es/bdnstrans/GE/es/convocatorias/835052/concesiones
835051;NO;DIPUTACIÓN PROV. DE VALLADOLID;DIPUTACIÓN PROVINCIAL DE VALLADOLID;;26/05/2025;"Dcto. de Presidencia nº 1620 de 21/03/25 por el que se aprueba el Convenio con la Fundación Municipal de Cultura del Ayuntamiento de Valladolid, para financiar el desarrollo de actividades escénicas en el Teatro Calderón de la Barca de Valladolid, 2025";;https://www.infosubvenciones.es/bdnstrans/GE/es/convocatorias/835051;https://www.infosubvenciones.es/bdnstrans/GE/es/convocatorias/835051/concesiones
833600;NO;DIPUTACIÓN PROV. DE VALLADOLID;DIPUTACIÓN PROVINCIAL DE VALLADOLID;;19/05/2025;"Acuerdo Junta Gobierno Local nº 54/25 de 25 abril, por el que se aprueba la convocatoria de ayudas para adquisición de terrenos y naves CIESAS.";;https://www.infosubvenciones.es/bdnstrans/GE/es/convocatorias/833600;https://www.infosubvenciones.es/bdnstrans/GE/es/convocatorias/833600/concesiones
833132;NO;DIPUTACIÓN PROV. DE VALLADOLID;DIPUTACIÓN PROVINCIAL DE VALLADOLID;;16/05/2025;"Acuerdo nº 94/25 de Pleno de 25 de abril por el que se aprueba Convocatoria de subvenciones a Aytos de la provincia de Valladolid con menos de 20.000 habitantes para el sostenimiento de escuelas infantiles de 0 a 3 años de titularidad municipal, a";;https://www.infosubvenciones.es/bdnstrans/GE/es/convocatorias/833132;https://www.infosubvenciones.es/bdnstrans/GE/es/convocatorias/833132/concesiones
833131;NO;DIPUTACIÓN PROV. DE VALLADOLID;DIPUTACIÓN PROVINCIAL DE VALLADOLID;;16/05/2025;"Acuerdo nº 63/25 de la Junta de Gº de 25 abril por el que se aprueba Convocatoria de ayudas económicas para favorecer la asistencia de personas con capacidad diversa a campamentos o actividades de ocio y tiempo libre durante el verano, año 2025.";;https://www.infosubvenciones.es/bdnstrans/GE/es/convocatorias/833131;https://www.infosubvenciones.es/bdnstrans/GE/es/convocatorias/833131/concesiones
833130;NO;DIPUTACIÓN PROV. DE VALLADOLID;DIPUTACIÓN PROVINCIAL DE VALLADOLID;;16/05/2025;"Acuerdo nº 62/25 de la Junta de Gº de 25 abril por el que se aprueba  Convocatoria de subvenciones destinadas al alquiler de vivienda en el medio rural de la provincia de Valladolid, año 2025.";;https://www.infosubvenciones.es/bdnstrans/GE/es/convocatorias/833130;https://www.infosubvenciones.es/bdnstrans/GE/es/convocatorias/833130/concesiones
833129;NO;DIPUTACIÓN PROV. DE VALLADOLID;DIPUTACIÓN PROVINCIAL DE VALLADOLID;;16/05/2025;"Acuerdo 60/25 de la junta de Gº de 25 de abril, por el que se aprueba Convocatoria de subvenciones para financiar obras de rehabilitación de viviendas ubicadas en el medio rural, en municipios de menos de 2.000 habitantes, ejercicio 2025.";;https://www.infosubvenciones.es/bdnstrans/GE/es/convocatorias/833129;https://www.infosubvenciones.es/bdnstrans/GE/es/convocatorias/833129/concesiones
833128;NO;DIPUTACIÓN PROV. DE VALLADOLID;DIPUTACIÓN PROVINCIAL DE VALLADOLID;;16/05/2025;"Acuerdo nº 61/25 de la Junta de Gº de 25 de abril por el que se aprueba convocatoria de subvenciones vivienda joven destinadas al fomento y fijación de población lineas A,B,C,D, del V Plan juventud 204 a 2027";;https://www.infosubvenciones.es/bdnstrans/GE/es/convocatorias/833128;https://www.infosubvenciones.es/bdnstrans/GE/es/convocatorias/833128/concesiones
833127;NO;DIPUTACIÓN PROV. DE VALLADOLID;DIPUTACIÓN PROVINCIAL DE VALLADOLID;;16/05/2025;"Acuerdo nº 58/25 de la Junta de Gº de 25 abril por el que se aprueba Convocatoria del XVII Premio de Igualdad de Oportunidades entre mujeres y hombres en el ámbito empresarial, año 2025";;https://www.infosubvenciones.es/bdnstrans/GE/es/convocatorias/833127;https://www.infosubvenciones.es/bdnstrans/GE/es/convocatorias/833127/concesiones
833126;NO;DIPUTACIÓN PROV. DE VALLADOLID;DIPUTACIÓN PROVINCIAL DE VALLADOLID;;16/05/2025;Acuerdo nº 93/25 del Pleno de 25 de abril por el que se aprueba convocatoria para Aytos y EELLMM para fomentar el establecimiento y fijación de población en el medio rural 2025;;https://www.infosubvenciones.es/bdnstrans/GE/es/convocatorias/833126;https://www.infosubvenciones.es/bdnstrans/GE/es/convocatorias/833126/concesiones
832590;NO;DIPUTACIÓN PROV. DE VALLADOLID;DIPUTACIÓN PROVINCIAL DE VALLADOLID;;14/05/2025;"Decreto Presidencia 2173 de 15 abril 2025 por el que se aprueba convenio ASOCIACIÓN DE AUTISMO DE VALLADOLID, para realización de un proyecto de atención especializada a personas con autismo en el entorno rural.";;https://www.infosubvenciones.es/bdnstrans/GE/es/convocatorias/832590;https://www.infosubvenciones.es/bdnstrans/GE/es/convocatorias/832590/concesiones
832414;NO;DIPUTACIÓN PROV. DE VALLADOLID;DIPUTACIÓN PROVINCIAL DE VALLADOLID;;14/05/2025;Convenio de Colaboración entre la Diputación Provincial de Valladolid y el Consorcio Vía Verde del `Valle del Eresma`;;https://www.infosubvenciones.es/bdnstrans/GE/es/convocatorias/832414;https://www.infosubvenciones.es/bdnstrans/GE/es/convocatorias/832414/concesiones
832412;NO;DIPUTACIÓN PROV. DE VALLADOLID;DIPUTACIÓN PROVINCIAL DE VALLADOLID;;14/05/2025;"Decreto de Presidencia 2107 de 11 abril por el que se aprueba convenio Club de Atletismo Valladolid para la realización de su Programa deportivo, año 2025.";;https://www.infosubvenciones.es/bdnstrans/GE/es/convocatorias/832412;https://www.infosubvenciones.es/bdnstrans/GE/es/convocatorias/832412/concesiones
832411;NO;DIPUTACIÓN PROV. DE VALLADOLID;DIPUTACIÓN PROVINCIAL DE VALLADOLID;;14/05/2025;"Decreto de Presidencia nº 2106 de 11 abril por el que se aprueba convenio con la Federación de Atletismo de Castilla y León para la celebración del ?IX Trofeo Diputación de Valladolid Atletismo en Pista?, año 2025.";;https://www.infosubvenciones.es/bdnstrans/GE/es/convocatorias/832411;https://www.infosubvenciones.es/bdnstrans/GE/es/convocatorias/832411/concesiones
832410;NO;DIPUTACIÓN PROV. DE VALLADOLID;DIPUTACIÓN PROVINCIAL DE VALLADOLID;;14/05/2025;Decreto de Presidencia 2048 de 9 abril 2025 por el que se aprueba convenio Ayuntamiento de Villalón de Campos para el funcionamiento y mantenimiento de los servicios de la Red de servicios para personas con discapacidad del ámbito rural de la pr;;https://www.infosubvenciones.es/bdnstrans/GE/es/convocatorias/832410;https://www.infosubvenciones.es/bdnstrans/GE/es/convocatorias/832410/concesiones
831503;NO;DIPUTACIÓN PROV. DE VALLADOLID;DIPUTACIÓN PROVINCIAL DE VALLADOLID;;09/05/2025;Decreto de Presidencia nº 2077 de 10 de abril 2025 por el que se aprueba convenio con con Ayuntamiento de Cigales para el funcionamiento y mantenimiento de los servicios de la Red  para personas con discapacidad del ámbito rural de la p;;https://www.infosubvenciones.es/bdnstrans/GE/es/convocatorias/831503;https://www.infosubvenciones.es/bdnstrans/GE/es/convocatorias/831503/concesiones
831502;NO;DIPUTACIÓN PROV. DE VALLADOLID;DIPUTACIÓN PROVINCIAL DE VALLADOLID;;09/05/2025;"Decreto de Presidencia 2143 de 14 abril 2025 por el que se aprueba convenio con Fundación Banco de Alimentos de Valladolid para financiación del programa de adquisición de alimentos, año 2025.";;https://www.infosubvenciones.es/bdnstrans/GE/es/convocatorias/831502;https://www.infosubvenciones.es/bdnstrans/GE/es/convocatorias/831502/concesiones
831501;NO;DIPUTACIÓN PROV. DE VALLADOLID;DIPUTACIÓN PROVINCIAL DE VALLADOLID;;09/05/2025;"Dcto. de Presidencia nº 1260 de 10/03/25 por el que se aprueba el Convenio con la Mancomunidad Tierras de Medina, para contribuir a la financiación de la organización y desarrollo de un Ciclo de Conciertos de Órgano, año 2025";;https://www.infosubvenciones.es/bdnstrans/GE/es/convocatorias/831501;https://www.infosubvenciones.es/bdnstrans/GE/es/convocatorias/831501/concesiones
831500;NO;DIPUTACIÓN PROV. DE VALLADOLID;DIPUTACIÓN PROVINCIAL DE VALLADOLID;;09/05/2025;"Decreto de Presidencia nº 872 de 24 febrero 2025 por el que se aprueba convenio Fundación ASPAYM CASTILLA Y LEÓN, para la realización de los proyectos de ?Asistencia personal en el medio rural? y ?Fisiomer Matapozuelos?, año 2025.";;https://www.infosubvenciones.es/bdnstrans/GE/es/convocatorias/831500;https://www.infosubvenciones.es/bdnstrans/GE/es/convocatorias/831500/concesiones
831499;NO;DIPUTACIÓN PROV. DE VALLADOLID;DIPUTACIÓN PROVINCIAL DE VALLADOLID;;09/05/2025;Decreto de Presidencia 2049 de 9 abril 2025 por el que se aprueba convenio con Ayuntamiento de Nava del Rey para el funcionamiento y mantenimiento de los servicios de la Red  para personas con discapacidad del ámbito rural de la p;;https://www.infosubvenciones.es/bdnstrans/GE/es/convocatorias/831499;https://www.infosubvenciones.es/bdnstrans/GE/es/convocatorias/831499/concesiones
831498;NO;DIPUTACIÓN PROV. DE VALLADOLID;DIPUTACIÓN PROVINCIAL DE VALLADOLID;;09/05/2025;"Dcto. de Presidencia nº 1762 de 28/03/25 por el que se aprueba el Convenio con la Asociación Cultural Pintia, para participar en la financiación de la mejora de sus instalaciones y en el desarrollo de sus actividades culturales durante el año 2025.";;https://www.infosubvenciones.es/bdnstrans/GE/es/convocatorias/831498;https://www.infosubvenciones.es/bdnstrans/GE/es/convocatorias/831498/concesiones
831497;NO;DIPUTACIÓN PROV. DE VALLADOLID;DIPUTACIÓN PROVINCIAL DE VALLADOLID;;09/05/2025;"Dcto. de Presidencia nº 1261 de 10/03/25 por el que se aprueba el Convenio con el Ayuntamiento de Aldea de San Miguel, para financiar la celebración del Festival Aldearock, 2025";;https://www.infosubvenciones.es/bdnstrans/GE/es/convocatorias/831497;https://www.infosubvenciones.es/bdnstrans/GE/es/convocatorias/831497/concesiones
831496;NO;DIPUTACIÓN PROV. DE VALLADOLID;DIPUTACIÓN PROVINCIAL DE VALLADOLID;;09/05/2025;Decreto nº 2.069 de fecha 10 de ABRIL de 2025.- Expte 561/25. Convenio con el  GAL   DUERO ESGUEVA -año 2025;;https://www.infosubvenciones.es/bdnstrans/GE/es/convocatorias/831496;https://www.infosubvenciones.es/bdnstrans/GE/es/convocatorias/831496/concesiones
831495;NO;DIPUTACIÓN PROV. DE VALLADOLID;DIPUTACIÓN PROVINCIAL DE VALLADOLID;;09/05/2025;Decreto nº 2.070 de fecha 10 de ABRIL de 2025.- Expte 560/25. Convenio con el  GAL    TIERRA DE CAMPOS  -año 2025;;https://www.infosubvenciones.es/bdnstrans/GE/es/convocatorias/831495;https://www.infosubvenciones.es/bdnstrans/GE/es/convocatorias/831495/concesiones
831493;NO;DIPUTACIÓN PROV. DE VALLADOLID;DIPUTACIÓN PROVINCIAL DE VALLADOLID;;09/05/2025;Acuerdo de Pleno nº 82/25 de 25/04/25 por el que se aprueba la Convocatoria de Subvenciones a los Ayuntamientos titulares de las Bibliotecas Municipales de la provincia para la adquisición de fondos bibliográficos durante 2025;;https://www.infosubvenciones.es/bdnstrans/GE/es/convocatorias/831493;https://www.infosubvenciones.es/bdnstrans/GE/es/convocatorias/831493/concesiones
830315;NO;DIPUTACIÓN PROV. DE VALLADOLID;DIPUTACIÓN PROVINCIAL DE VALLADOLID;;05/05/2025;"Acuerdo nº 85/25 de 25 de abril de 2025 del Pleno por el que se convocan subvenciones para incentivar la reparación, conservación y mejora de colegios de educación infantil y primaria del medio rural de la provincia de Valladolid durante el ejercicio 2025";;https://www.infosubvenciones.es/bdnstrans/GE/es/convocatorias/830315;https://www.infosubvenciones.es/bdnstrans/GE/es/convocatorias/830315/concesiones
828862;NO;DIPUTACIÓN PROV. DE VALLADOLID;DIPUTACIÓN PROVINCIAL DE VALLADOLID;;25/04/2025;Acuerdo nº 59/28 de 28 de marzo de 2025 del Pleno por el que se convocan Subvenciones a las Entidades Locales de la provincia de Valladolid pertenecientes a las Mancomunidades Campos Góticos y Vega Duero para la renovación de redes de abastecimiento.;;https://www.infosubvenciones.es/bdnstrans/GE/es/convocatorias/828862;https://www.infosubvenciones.es/bdnstrans/GE/es/convocatorias/828862/concesiones
828575;NO;DIPUTACIÓN PROV. DE VALLADOLID;DIPUTACIÓN PROVINCIAL DE VALLADOLID;;24/04/2025;Decreto nº 1.258 de fecha 10 de marzo de 2025.- Expte 562/25. Convenio con el  GAL  RUTA DEL MUDÉJAR-año 2025;;https://www.infosubvenciones.es/bdnstrans/GE/es/convocatorias/828575;https://www.infosubvenciones.es/bdnstrans/GE/es/convocatorias/828575/concesiones
828563;NO;DIPUTACIÓN PROV. DE VALLADOLID;DIPUTACIÓN PROVINCIAL DE VALLADOLID;;24/04/2025;"Decreto presidencia 1536 de 18 marzo 2025 por el que se aprueba convenio con Fundación Eusebio Sacristán  para el desarrollo del Deporte, para la realización de su Programa deportivo, año 2024";;https://www.infosubvenciones.es/bdnstrans/GE/es/convocatorias/828563;https://www.infosubvenciones.es/bdnstrans/GE/es/convocatorias/828563/concesiones
828562;NO;DIPUTACIÓN PROV. DE VALLADOLID;DIPUTACIÓN PROVINCIAL DE VALLADOLID;;24/04/2025;"Decreto 1672 de 24 marzo 2025 por el que se aprueba convenio Club Deportivo Atlético Tordesillas para la realización de su programa de actividades deportivas, año 2025";;https://www.infosubvenciones.es/bdnstrans/GE/es/convocatorias/828562;https://www.infosubvenciones.es/bdnstrans/GE/es/convocatorias/828562/concesiones
828561;NO;DIPUTACIÓN PROV. DE VALLADOLID;DIPUTACIÓN PROVINCIAL DE VALLADOLID;;24/04/2025;Decreto Presidencia nº 1846 de 31 marzo 2025 por el que se aprueba convenio con Asociación de Víctimas del Terrorismo de C y L para programa en la provincia de VA dirigido al reconocimiento y protección integral de las víctima;;https://www.infosubvenciones.es/bdnstrans/GE/es/convocatorias/828561;https://www.infosubvenciones.es/bdnstrans/GE/es/convocatorias/828561/concesiones
828559;NO;DIPUTACIÓN PROV. DE VALLADOLID;DIPUTACIÓN PROVINCIAL DE VALLADOLID;;24/04/2025;Decreto de la Presidencia 1253/25 por el que se aprueba el Convenio de Colaboración entre la Diputación Provincial y el Ayto Portillo para la financiación de la reparación del muro derruido por tormenta.;Decreto de la Presidencia 1253/25 por el que se aprueba el Convenio de Colaboración entre la Diputación Provincial y el Ayto Portillo para la financiación de la reparación del muro derruido por tormenta.;https://www.infosubvenciones.es/bdnstrans/GE/es/convocatorias/828559;https://www.infosubvenciones.es/bdnstrans/GE/es/convocatorias/828559/concesiones
828558;NO;DIPUTACIÓN PROV. DE VALLADOLID;DIPUTACIÓN PROVINCIAL DE VALLADOLID;;24/04/2025;Decreto nº 1.544 de fecha 18 de marzo de 2025.- Expte 559/25. Convenio con el  GAL  ADRI ZONA NORTE-año 2025-;;https://www.infosubvenciones.es/bdnstrans/GE/es/convocatorias/828558;https://www.infosubvenciones.es/bdnstrans/GE/es/convocatorias/828558/concesiones
828557;NO;DIPUTACIÓN PROV. DE VALLADOLID;DIPUTACIÓN PROVINCIAL DE VALLADOLID;;24/04/2025;"Dcto. de Presidencia nº 1416 de 13/03/25 por el que se aprueba el Convenio con el Consejo Regulador de la Denominación de Origen Rueda, para hacer frente a los gastos derivados del Festival de Cortometrajes ?Rueda con Rueda?, año 2025.";;https://www.infosubvenciones.es/bdnstrans/GE/es/convocatorias/828557;https://www.infosubvenciones.es/bdnstrans/GE/es/convocatorias/828557/concesiones
828554;NO;DIPUTACIÓN PROV. DE VALLADOLID;DIPUTACIÓN PROVINCIAL DE VALLADOLID;;24/04/2025;Acuerdo de Pleno Nº 57/25 de 28 de marzo de 2025 por el que se convocan subvenciones para la reparación de los daños causados en infraestructuras municipales por la Borrasca Juan;;https://www.infosubvenciones.es/bdnstrans/GE/es/convocatorias/828554;https://www.infosubvenciones.es/bdnstrans/GE/es/convocatorias/828554/concesiones
828553;NO;DIPUTACIÓN PROV. DE VALLADOLID;DIPUTACIÓN PROVINCIAL DE VALLADOLID;;24/04/2025;Acuerdo 42/25 Junta Gº de 28 marzo por el que se aprueba convocatoria ayudas económicas a deportistas destacados provincia Valladolid 2025;;https://www.infosubvenciones.es/bdnstrans/GE/es/convocatorias/828553;https://www.infosubvenciones.es/bdnstrans/GE/es/convocatorias/828553/concesiones
828552;NO;DIPUTACIÓN PROV. DE VALLADOLID;DIPUTACIÓN PROVINCIAL DE VALLADOLID;;24/04/2025;"Acuerdo de la Junta de Gobierno nº 45/25 de 28 de marzo de 2025 por el que se aprueba la convocatoria de subvenciones a Asociaciones/Consorcios de rutas del vino certificadas que desarrollen su actividad dentro de la provincia de Valladolid, año 2025";;https://www.infosubvenciones.es/bdnstrans/GE/es/convocatorias/828552;https://www.infosubvenciones.es/bdnstrans/GE/es/convocatorias/828552/concesiones
828551;NO;DIPUTACIÓN PROV. DE VALLADOLID;DIPUTACIÓN PROVINCIAL DE VALLADOLID;;24/04/2025;"Acuerdo 43/25 de la Junta de Gº de 28 marzo, por el que se aprueba convocatoria  subv. para el plan de atracción y retención de talento juvenil, 2025";;https://www.infosubvenciones.es/bdnstrans/GE/es/convocatorias/828551;https://www.infosubvenciones.es/bdnstrans/GE/es/convocatorias/828551/concesiones
825522;NO;DIPUTACIÓN PROV. DE VALLADOLID;DIPUTACIÓN PROVINCIAL DE VALLADOLID;;07/04/2025;Dcto. de Presidencia nº 1539 de 18 de marzo de 2025 por el que se aprueba el Convenio con la Universidad de Valladolid para la organización y celebración de un congreso conmemorativo del V centenario del nacimiento de Magdalena de Ulloa.;;https://www.infosubvenciones.es/bdnstrans/GE/es/convocatorias/825522;https://www.infosubvenciones.es/bdnstrans/GE/es/convocatorias/825522/concesiones
825520;NO;DIPUTACIÓN PROV. DE VALLADOLID;DIPUTACIÓN PROVINCIAL DE VALLADOLID;;07/04/2025;Decreto Presidencia 1494 de 17 marzo 2025 por el que se aprueba convenio Federacion Jubilados y Pensionista para actividades y olimpiadas mayores 2025;;https://www.infosubvenciones.es/bdnstrans/GE/es/convocatorias/825520;https://www.infosubvenciones.es/bdnstrans/GE/es/convocatorias/825520/concesiones
825519;NO;DIPUTACIÓN PROV. DE VALLADOLID;DIPUTACIÓN PROVINCIAL DE VALLADOLID;;07/04/2025;"Decreto de Presidencia 1674 de 24 marzo 2025 por el que se aprueba convenio Club Deportivo Balonmano Atlético Valladolid para la realización de su programa de actividades deportivas, año 2025";;https://www.infosubvenciones.es/bdnstrans/GE/es/convocatorias/825519;https://www.infosubvenciones.es/bdnstrans/GE/es/convocatorias/825519/concesiones
825518;NO;DIPUTACIÓN PROV. DE VALLADOLID;DIPUTACIÓN PROVINCIAL DE VALLADOLID;;07/04/2025;"Decreto de la presidencia nº 1495 de 17 de marzo por el que se aprueba el convenio con el Club Baloncesto Silla de Ruedas para la realización  de su programa de actividades deportivas, año 2025";;https://www.infosubvenciones.es/bdnstrans/GE/es/convocatorias/825518;https://www.infosubvenciones.es/bdnstrans/GE/es/convocatorias/825518/concesiones
825517;NO;DIPUTACIÓN PROV. DE VALLADOLID;DIPUTACIÓN PROVINCIAL DE VALLADOLID;;07/04/2025;"Decreto de la Presidencia nº 1.604 de 20 de marzo de 2025 por el que se aprueba la convocatoria de los `Premios de Turismo Provincia de Valladolid, año 2025`";;https://www.infosubvenciones.es/bdnstrans/GE/es/convocatorias/825517;https://www.infosubvenciones.es/bdnstrans/GE/es/convocatorias/825517/concesiones
823657;NO;DIPUTACIÓN PROV. DE VALLADOLID;DIPUTACIÓN PROVINCIAL DE VALLADOLID;;28/03/2025;Acuerdo 35/2025 de 28 de febrero de 2025 Programa Fomento Empleo Anual 2024;;https://www.infosubvenciones.es/bdnstrans/GE/es/convocatorias/823657;https://www.infosubvenciones.es/bdnstrans/GE/es/convocatorias/823657/concesiones
823653;NO;DIPUTACIÓN PROV. DE VALLADOLID;DIPUTACIÓN PROVINCIAL DE VALLADOLID;;28/03/2025;"Acuerdo del Pleno nº 30/25 de 28 de febrero por el que se aprueba la convocatoria de subvenciones a los Ayuntamientos, Entidades Locales Menores y Mancomunidades de la provincia para la promoción y desarrollo de actividades turísticas, año 2025";;https://www.infosubvenciones.es/bdnstrans/GE/es/convocatorias/823653;https://www.infosubvenciones.es/bdnstrans/GE/es/convocatorias/823653/concesiones
823401;NO;DIPUTACIÓN PROV. DE VALLADOLID;DIPUTACIÓN PROVINCIAL DE VALLADOLID;;28/03/2025;"Dcto. de Presidencia nº 990 de 27 de febrero de 2025 por el que se aprueba el Convenio con la Fundación Jorge Guillén para contribuir al funcionamiento y desarrollo de sus actividades, año 2025";;https://www.infosubvenciones.es/bdnstrans/GE/es/convocatorias/823401;https://www.infosubvenciones.es/bdnstrans/GE/es/convocatorias/823401/concesiones
823400;NO;DIPUTACIÓN PROV. DE VALLADOLID;DIPUTACIÓN PROVINCIAL DE VALLADOLID;;28/03/2025;Decreto nº 1.257 de fecha 10 de marzo de 2025.- Expte 563/25. Convenio con el  GAL  ZONA CENTRO -año 2025-;;https://www.infosubvenciones.es/bdnstrans/GE/es/convocatorias/823400;https://www.infosubvenciones.es/bdnstrans/GE/es/convocatorias/823400/concesiones
823399;NO;DIPUTACIÓN PROV. DE VALLADOLID;DIPUTACIÓN PROVINCIAL DE VALLADOLID;;28/03/2025;"Decreto nº 1.334 de 12 de marzo de 2025 por el que se aprueba convenio Congregación de Religiosas Adoratrices del Santísimo Sacramento para el funcionamiento y mantenimiento del Centro de Acogida ?Micaela?, año 2025.";;https://www.infosubvenciones.es/bdnstrans/GE/es/convocatorias/823399;https://www.infosubvenciones.es/bdnstrans/GE/es/convocatorias/823399/concesiones
823398;NO;DIPUTACIÓN PROV. DE VALLADOLID;DIPUTACIÓN PROVINCIAL DE VALLADOLID;;28/03/2025;"Dcto. de Presidencia nº 1259 de 10 de marzo de 2025 por el que se aprueba el Convenio con la Asociación Pro-Templos de Medina de Rioseco, para la restauración de bienes muebles y otras actuaciones de recuperación del Patrimonio";;https://www.infosubvenciones.es/bdnstrans/GE/es/convocatorias/823398;https://www.infosubvenciones.es/bdnstrans/GE/es/convocatorias/823398/concesiones
823397;NO;DIPUTACIÓN PROV. DE VALLADOLID;DIPUTACIÓN PROVINCIAL DE VALLADOLID;;28/03/2025;"Decreto de Presidencia nº 995 de 27 febrero 2025 por el que se aprueba convenio Benito Menni, para el desarrollo de un programa de prevención y detección del deterioro cognitivo en la provincia de Valladolid, año 2025.";;https://www.infosubvenciones.es/bdnstrans/GE/es/convocatorias/823397;https://www.infosubvenciones.es/bdnstrans/GE/es/convocatorias/823397/concesiones
823396;NO;DIPUTACIÓN PROV. DE VALLADOLID;DIPUTACIÓN PROVINCIAL DE VALLADOLID;;28/03/2025;Decreto de Presidencia nº 994 de 27 febrero de 2025 por el que se aprueba convenio Asoc. Niños Oncológicos de Valladolid Campanilla para la realización de un programa de actividades dirigidas a niños en procesos oncológicos y sus familias en la provin;;https://www.infosubvenciones.es/bdnstrans/GE/es/convocatorias/823396;https://www.infosubvenciones.es/bdnstrans/GE/es/convocatorias/823396/concesiones
823395;NO;DIPUTACIÓN PROV. DE VALLADOLID;DIPUTACIÓN PROVINCIAL DE VALLADOLID;;28/03/2025;"Dcto. de Presidencia nº 991 de 27 de febrero de 2025 por el que se aprueba el Convenio con la Fundación Museo de las Ferias para la realización de los ciclos expositivos `La obra destacada` y `Documentos archivo Simón Ruiz`, año 2025";;https://www.infosubvenciones.es/bdnstrans/GE/es/convocatorias/823395;https://www.infosubvenciones.es/bdnstrans/GE/es/convocatorias/823395/concesiones
822415;NO;DIPUTACIÓN PROV. DE VALLADOLID;DIPUTACIÓN PROVINCIAL DE VALLADOLID;;24/03/2025;"Acuerdo de Junta de Gobierno nº 24/25 de 28 de Febrero de 2025, por el que se convocan subvenciones a las organizaciones profesionales agrarias (OPAS) de la provincia de Valladolid, ejercicio 2025";;https://www.infosubvenciones.es/bdnstrans/GE/es/convocatorias/822415;https://www.infosubvenciones.es/bdnstrans/GE/es/convocatorias/822415/concesiones
822411;NO;DIPUTACIÓN PROV. DE VALLADOLID;DIPUTACIÓN PROVINCIAL DE VALLADOLID;;24/03/2025;"Acuerdo 33/2025 de 28 de febrero de 2025 del Pleno por el que se convocan Subvenciones a las Mancomunidades de la provincia de Valladolid, para sufragar los costes prestación del servicio de recogida de residuos sólidos urbanos año 2025";;https://www.infosubvenciones.es/bdnstrans/GE/es/convocatorias/822411;https://www.infosubvenciones.es/bdnstrans/GE/es/convocatorias/822411/concesiones
821490;NO;DIPUTACIÓN PROV. DE VALLADOLID;DIPUTACIÓN PROVINCIAL DE VALLADOLID;;19/03/2025;"Acuerdo Junta de Gobierno Local nº 32/25 de 28 de febrero, Convocatoria de subvenciones a centros de iniciativas turísticas y entidades sin ánimo de lucro de la provincia de Valladolid para la realización de actividades turísticas, año 2025.";;https://www.infosubvenciones.es/bdnstrans/GE/es/convocatorias/821490;https://www.infosubvenciones.es/bdnstrans/GE/es/convocatorias/821490/concesiones
821076;NO;DIPUTACIÓN PROV. DE VALLADOLID;DIPUTACIÓN PROVINCIAL DE VALLADOLID;;18/03/2025;"Acuerdo de la Junta de Gobierno nº 34/25, de 28 de febrero, por el que se aprueba la convocatoria de los Premios Ecoempleo, quinta edición, año 2025.";;https://www.infosubvenciones.es/bdnstrans/GE/es/convocatorias/821076;https://www.infosubvenciones.es/bdnstrans/GE/es/convocatorias/821076/concesiones
821069;NO;DIPUTACIÓN PROV. DE VALLADOLID;DIPUTACIÓN PROVINCIAL DE VALLADOLID;;18/03/2025;"Acuerdo del Plano nº 31/25 de 28 de febrero, por el que se acuerda aprobar la convocatoria de subvenciones a Ayuntamientos de la Provincia de Valladolid con menos de 400 habitantes para el apoyo al Comercio Rural Mínimo, año 2025.";;https://www.infosubvenciones.es/bdnstrans/GE/es/convocatorias/821069;https://www.infosubvenciones.es/bdnstrans/GE/es/convocatorias/821069/concesiones
820979;NO;DIPUTACIÓN PROV. DE VALLADOLID;DIPUTACIÓN PROVINCIAL DE VALLADOLID;;18/03/2025;"Decreto de Presidencia nº 982 de 27 de febrero 2025, de colaboración con Asoc. para la promoción de emprendedores y autónomos rurales AER, año 2025";;https://www.infosubvenciones.es/bdnstrans/GE/es/convocatorias/820979;https://www.infosubvenciones.es/bdnstrans/GE/es/convocatorias/820979/concesiones
820978;NO;DIPUTACIÓN PROV. DE VALLADOLID;DIPUTACIÓN PROVINCIAL DE VALLADOLID;;18/03/2025;Decreto nº 879 de 24 febrero 2025 por el que se aprueba convenio con REA para proyecto de prevención y sensibilización para profesionales y jóvenes  protección a a la infancia y adolescencia ?Generando buen trato?.;;https://www.infosubvenciones.es/bdnstrans/GE/es/convocatorias/820978;https://www.infosubvenciones.es/bdnstrans/GE/es/convocatorias/820978/concesiones
820977;NO;DIPUTACIÓN PROV. DE VALLADOLID;DIPUTACIÓN PROVINCIAL DE VALLADOLID;;18/03/2025;"Acuerdo de la Junta de Gobierno nº 33/25 de 28 de febrero, por el que se aprueba la Convocatoria de subvenciones para el Apoyo al Comercio de Proximidad y la Venta Ambulante, año 2025.";;https://www.infosubvenciones.es/bdnstrans/GE/es/convocatorias/820977;https://www.infosubvenciones.es/bdnstrans/GE/es/convocatorias/820977/concesiones
820515;NO;DIPUTACIÓN PROV. DE VALLADOLID;DIPUTACIÓN PROVINCIAL DE VALLADOLID;;14/03/2025;"Decreto de la presidencia nº 835 de 21 de febrero de 2025 por el que se aprueba el convenio con la Asoc. Prensa deportiva de Valladolid, para la realización de su programa de actividades deportivas, año 2025.";;https://www.infosubvenciones.es/bdnstrans/GE/es/convocatorias/820515;https://www.infosubvenciones.es/bdnstrans/GE/es/convocatorias/820515/concesiones
820514;NO;DIPUTACIÓN PROV. DE VALLADOLID;DIPUTACIÓN PROVINCIAL DE VALLADOLID;;14/03/2025;"Acuerdo 37/25 de 28 febrero por el que se aprueba convocatoria Ayos menos 20.000 hab. campeonatos o torneos ámbito nacional o internacional, 2024";;https://www.infosubvenciones.es/bdnstrans/GE/es/convocatorias/820514;https://www.infosubvenciones.es/bdnstrans/GE/es/convocatorias/820514/concesiones
820513;NO;DIPUTACIÓN PROV. DE VALLADOLID;DIPUTACIÓN PROVINCIAL DE VALLADOLID;;14/03/2025;"Acuerdo Pleno 38/25 de 28 de febrero, por el que se aprueba convocatoria de subv. Aytos y EELLMM para actuaciones de información, orientación, sensibilización, visibilización y conmemoración de materia igualdad PIOM";;https://www.infosubvenciones.es/bdnstrans/GE/es/convocatorias/820513;https://www.infosubvenciones.es/bdnstrans/GE/es/convocatorias/820513/concesiones
820350;NO;DIPUTACIÓN PROV. DE VALLADOLID;DIPUTACIÓN PROVINCIAL DE VALLADOLID;;14/03/2025;"Acuerdo de Junta de Gobierno nº 23/25 de 28 de febrero de 2024, por el que se aprueba bases convocatoria Subv. municipios Valladolid población inferior 20000 Hab para financiar costes salariales puestos FHCN";;https://www.infosubvenciones.es/bdnstrans/GE/es/convocatorias/820350;https://www.infosubvenciones.es/bdnstrans/GE/es/convocatorias/820350/concesiones
820349;NO;DIPUTACIÓN PROV. DE VALLADOLID;DIPUTACIÓN PROVINCIAL DE VALLADOLID;;14/03/2025;"Dcto. de Presidencia nº 989 de 27 de febrero de 2025 por el que se aprueba el Convenio de la Real Academia de Bellas Artes de La Purísima Concepción de Valladolid, para colaborar en la financiación y del desarrollo de las actividades 2025";;https://www.infosubvenciones.es/bdnstrans/GE/es/convocatorias/820349;https://www.infosubvenciones.es/bdnstrans/GE/es/convocatorias/820349/concesiones
820348;NO;DIPUTACIÓN PROV. DE VALLADOLID;DIPUTACIÓN PROVINCIAL DE VALLADOLID;;14/03/2025;"Decreto de Presidencia 6.952 de 13 diciembre 2024por el que se aprueba convenio con Junta Cy L, Consejeria medio ambiente, vivienda y ordenación del territorio para rehabilitación vivienda medio rural alquiler social (Rehabitare)";;https://www.infosubvenciones.es/bdnstrans/GE/es/convocatorias/820348;https://www.infosubvenciones.es/bdnstrans/GE/es/convocatorias/820348/concesiones
820347;NO;DIPUTACIÓN PROV. DE VALLADOLID;DIPUTACIÓN PROVINCIAL DE VALLADOLID;;14/03/2025;"Acuerdo21/25 de la junta de Gº de 28 de febrero por el que se aprueba convocatoria de ayudas económicas para jóvenes residentes en municipios de la provincia de Valladolid de menos de 2.000 habitantes para la obtención del permiso de conducir,";;https://www.infosubvenciones.es/bdnstrans/GE/es/convocatorias/820347;https://www.infosubvenciones.es/bdnstrans/GE/es/convocatorias/820347/concesiones
819587;NO;DIPUTACIÓN PROV. DE VALLADOLID;DIPUTACIÓN PROVINCIAL DE VALLADOLID;;11/03/2025;"Acuerdo 39/25 de la Junta Gº de 28 febrero por el que se aprueba Convocatoria de ayudas para personas residentes en municipios de Valladolid  menos 20.000 habitantes, destinadas a la formación y/o conciliación de la vida familiar, per";;https://www.infosubvenciones.es/bdnstrans/GE/es/convocatorias/819587;https://www.infosubvenciones.es/bdnstrans/GE/es/convocatorias/819587/concesiones
819586;NO;DIPUTACIÓN PROV. DE VALLADOLID;DIPUTACIÓN PROVINCIAL DE VALLADOLID;;11/03/2025;Acuerdo 22/25 de la Junta de Gº de 28 febrero por el que se aprueba convocatoria subvenciones a clubes deportivos y/o entidades de promoción y recreación deportiva con sede provincia de Valladolid menos 20.000 hb para actividades deportivas 2025;;https://www.infosubvenciones.es/bdnstrans/GE/es/convocatorias/819586;https://www.infosubvenciones.es/bdnstrans/GE/es/convocatorias/819586/concesiones
818902;NO;DIPUTACIÓN PROV. DE VALLADOLID;DIPUTACIÓN PROVINCIAL DE VALLADOLID;;06/03/2025;"Acuerdo del Pleno nº 280 de 27 de diciembre de 2024, por el que se aprueba la convocatoria de subvenciones a Ayuntamientos y Entidades Locales Menores en el marco del Plan de Apoyo al Empleo de la Diputación de Valladolid (PAE 2025).";;https://www.infosubvenciones.es/bdnstrans/GE/es/convocatorias/818902;https://www.infosubvenciones.es/bdnstrans/GE/es/convocatorias/818902/concesiones
818291;NO;DIPUTACIÓN PROV. DE VALLADOLID;DIPUTACIÓN PROVINCIAL DE VALLADOLID;;04/03/2025;"Acuerdo de la Junta de Gobierno Local nº 15/25, de 31 de enero de 2025, por el que se aprueba la convocatoria de subvenciones el Apoyo al Empleo y el Fomento del Autoempleo, año 2025.";;https://www.infosubvenciones.es/bdnstrans/GE/es/convocatorias/818291;https://www.infosubvenciones.es/bdnstrans/GE/es/convocatorias/818291/concesiones
818018;NO;DIPUTACIÓN PROV. DE VALLADOLID;DIPUTACIÓN PROVINCIAL DE VALLADOLID;;03/03/2025;"Dcto. de Presidencia nº 589 de 11/02/25 por el que se aprueba la Convocatoria de los PREMIOS DE INVESTIGACIÓN PROVINCIA DE VALLADOLID, AÑO 2025";;https://www.infosubvenciones.es/bdnstrans/GE/es/convocatorias/818018;https://www.infosubvenciones.es/bdnstrans/GE/es/convocatorias/818018/concesiones
818015;NO;DIPUTACIÓN PROV. DE VALLADOLID;DIPUTACIÓN PROVINCIAL DE VALLADOLID;;03/03/2025;"Dcto. de Presidencia nº 588 de 11/02/25 por el que se aprueba la Convocatoria del Premio Provincia de Valladolid a la Trayectoria Artística, año 2025";;https://www.infosubvenciones.es/bdnstrans/GE/es/convocatorias/818015;https://www.infosubvenciones.es/bdnstrans/GE/es/convocatorias/818015/concesiones
818014;NO;DIPUTACIÓN PROV. DE VALLADOLID;DIPUTACIÓN PROVINCIAL DE VALLADOLID;;03/03/2025;"Decreto de Presidencia nº 590 de 11 de febrero de 2025 por el que se aprueba la convocatoria de la BECA DE ARTES PLÁSTICAS Provincia de Valladolid, año 2025";;https://www.infosubvenciones.es/bdnstrans/GE/es/convocatorias/818014;https://www.infosubvenciones.es/bdnstrans/GE/es/convocatorias/818014/concesiones
818013;NO;DIPUTACIÓN PROV. DE VALLADOLID;DIPUTACIÓN PROVINCIAL DE VALLADOLID;;03/03/2025;"Decreto de Presidencia nº 591 de 11 de febrero de 2025 por el que se aprueba la Convocatoria de la BECA DE ARTE DRAMÁTICO Provincia de Valladolid, año 2025";;https://www.infosubvenciones.es/bdnstrans/GE/es/convocatorias/818013;https://www.infosubvenciones.es/bdnstrans/GE/es/convocatorias/818013/concesiones
818012;NO;DIPUTACIÓN PROV. DE VALLADOLID;DIPUTACIÓN PROVINCIAL DE VALLADOLID;;03/03/2025;"Dcto de Presidencia nº 592 de 11/02/25 por el que se aprueba la convocatoria de los PREMIOS ARGAYA para jóvenes creadores Provincia de Valladolid, año 2025";;https://www.infosubvenciones.es/bdnstrans/GE/es/convocatorias/818012;https://www.infosubvenciones.es/bdnstrans/GE/es/convocatorias/818012/concesiones
817852;NO;DIPUTACIÓN PROV. DE VALLADOLID;DIPUTACIÓN PROVINCIAL DE VALLADOLID;;03/03/2025;"Acuerdo de la Junta de Gobierno Local nº 16/25 de 31 de enero de 2025, por el que se aprueba la convocatoria de subvenciones para la constitución y puesta en funcionamiento de asociaciones de empresarios y comerciantes, año 2025.";;https://www.infosubvenciones.es/bdnstrans/GE/es/convocatorias/817852;https://www.infosubvenciones.es/bdnstrans/GE/es/convocatorias/817852/concesiones
817465;NO;DIPUTACIÓN PROV. DE VALLADOLID;DIPUTACIÓN PROVINCIAL DE VALLADOLID;;27/02/2025;"Acuerdo de la Junta de Gobierno nº 14/25 por el que se aprueba la convocatoria de subvenciones a entidades sin ánimo de lucro y centros educativos de la provincia de Valladolid al transporte para la realización de rutas, visitas y eventos singulares";;https://www.infosubvenciones.es/bdnstrans/GE/es/convocatorias/817465;https://www.infosubvenciones.es/bdnstrans/GE/es/convocatorias/817465/concesiones
817446;NO;DIPUTACIÓN PROV. DE VALLADOLID;DIPUTACIÓN PROVINCIAL DE VALLADOLID;;27/02/2025;"Acuerdo de Pleno  nº 11/25 de 31 de enero de 2025, por el que se aprueba la convocatoria de subvenciones a Ayuntamientos y ELM de la provincia de Valladolid, para la instalación permanente o temporal de oficinas de turismo año 2025";;https://www.infosubvenciones.es/bdnstrans/GE/es/convocatorias/817446;https://www.infosubvenciones.es/bdnstrans/GE/es/convocatorias/817446/concesiones
817443;NO;DIPUTACIÓN PROV. DE VALLADOLID;DIPUTACIÓN PROVINCIAL DE VALLADOLID;;27/02/2025;"Acuerdo de la Junta de Gobierno nº 13/25 de 31 de enero de 2025 por el que se aprueba la convocatoria de subvenciones para el desarrollo de actividades de Semana Santa en Valladolid y provincia, año 2025";;https://www.infosubvenciones.es/bdnstrans/GE/es/convocatorias/817443;https://www.infosubvenciones.es/bdnstrans/GE/es/convocatorias/817443/concesiones
817441;NO;DIPUTACIÓN PROV. DE VALLADOLID;DIPUTACIÓN PROVINCIAL DE VALLADOLID;;27/02/2025;"Acuerdos de la Junta de G1 199/24 y 12/25 de 27 diciembre y 31 enero, por los que se aprueban y modifican las bases de la convocatoria de ayudas de carácter individual de autonomía personal de personas dependientes 2025";;https://www.infosubvenciones.es/bdnstrans/GE/es/convocatorias/817441;https://www.infosubvenciones.es/bdnstrans/GE/es/convocatorias/817441/concesiones
816199;NO;DIPUTACIÓN PROV. DE VALLADOLID;DIPUTACIÓN PROVINCIAL DE VALLADOLID;;21/02/2025;"Dcto. de Presidencia nº 593 de 11 de febrero de 2025 por el que se aprueba la convocatoria del XXIV Concurso Literario `El cuento ilustrado, año 2025`";;https://www.infosubvenciones.es/bdnstrans/GE/es/convocatorias/816199;https://www.infosubvenciones.es/bdnstrans/GE/es/convocatorias/816199/concesiones
816198;NO;DIPUTACIÓN PROV. DE VALLADOLID;DIPUTACIÓN PROVINCIAL DE VALLADOLID;;21/02/2025;"Decreto de Presidencia nº 670 de 14 de febrero de 2025, por el que se toma razón de la asignación de subvenciones por daños en infraestructuras municipales previstos en el Acuerdo del Consejo de Ministros de 05/03/2024, por fenómenos meteorológicos";;https://www.infosubvenciones.es/bdnstrans/GE/es/convocatorias/816198;https://www.infosubvenciones.es/bdnstrans/GE/es/convocatorias/816198/concesiones
815990;NO;DIPUTACIÓN PROV. DE VALLADOLID;DIPUTACIÓN PROVINCIAL DE VALLADOLID;;20/02/2025;"Acuerdo nº 13/25 de 31 de enero de 2025 del Pleno por el que se convocan subvenciones a las entidades locales de la provincia de Valladolid para la financiación de obras de bajo coste económico, ejercicio 2025.";;https://www.infosubvenciones.es/bdnstrans/GE/es/convocatorias/815990;https://www.infosubvenciones.es/bdnstrans/GE/es/convocatorias/815990/concesiones
815989;NO;DIPUTACIÓN PROV. DE VALLADOLID;DIPUTACIÓN PROVINCIAL DE VALLADOLID;;20/02/2025;"Acuerdo nº 14/25 de 31 de enero de 2025 del Pleno por el que se convocan Subvenciones para la financiación de obras y equipamientos urgentes, ejercicio 2025";;https://www.infosubvenciones.es/bdnstrans/GE/es/convocatorias/815989;https://www.infosubvenciones.es/bdnstrans/GE/es/convocatorias/815989/concesiones
815689;NO;DIPUTACIÓN PROV. DE VALLADOLID;DIPUTACIÓN PROVINCIAL DE VALLADOLID;;19/02/2025;"Acuerdo de la Junta de Gobierno nº 18/25 de 31/01/25 por el que se aprueba la convocatoria de Subvenciones a Asociaciones en las que se integren GRUPOS DE DANZA TRADICIONAL CASTELLANA, para su funcionamiento y desarrollo de actividades, año 2025";;https://www.infosubvenciones.es/bdnstrans/GE/es/convocatorias/815689;https://www.infosubvenciones.es/bdnstrans/GE/es/convocatorias/815689/concesiones
815686;NO;DIPUTACIÓN PROV. DE VALLADOLID;DIPUTACIÓN PROVINCIAL DE VALLADOLID;;19/02/2025;"Acuerdo de la Junta de Gobierno nº 19/25 de 31/01/25 por el que se aprueba la convocatoria de subvenciones de BANDAS DE MÚSICA para su funcionamiento, adquisición de instrumentos y uniformes, y desarrollo de actividades, año 2025";;https://www.infosubvenciones.es/bdnstrans/GE/es/convocatorias/815686;https://www.infosubvenciones.es/bdnstrans/GE/es/convocatorias/815686/concesiones
815667;NO;DIPUTACIÓN PROV. DE VALLADOLID;DIPUTACIÓN PROVINCIAL DE VALLADOLID;;19/02/2025;"Acuerdo del Pleno nº 9/25, de 31 de enero, por el que se aprueba el Contrato Programa entre la Diputación Provincial de Valladolid y la Sociedad Provincial de Desarrollo de Valladolid, S.A. correspondiente al ejercicio 2025.";;https://www.infosubvenciones.es/bdnstrans/GE/es/convocatorias/815667;https://www.infosubvenciones.es/bdnstrans/GE/es/convocatorias/815667/concesiones
815666;NO;DIPUTACIÓN PROV. DE VALLADOLID;DIPUTACIÓN PROVINCIAL DE VALLADOLID;;19/02/2025;"Acuerdo de la Junta de Gobierno nº 17/25 de 31/01/25 por el que se aprueba la convocatoria de Subvenciones a ASOCIACIONES CULTURALES sin ánimo de lucro, para su funcionamiento y desarrollo de actividades, año 2025";;https://www.infosubvenciones.es/bdnstrans/GE/es/convocatorias/815666;https://www.infosubvenciones.es/bdnstrans/GE/es/convocatorias/815666/concesiones
815664;NO;DIPUTACIÓN PROV. DE VALLADOLID;DIPUTACIÓN PROVINCIAL DE VALLADOLID;;19/02/2025;"Dcto. de Presidencia nº 505 de 5/02/25 por el que se aprueba el Convenio con la Fundación Joaquín Díaz para contribuir a su funcionamiento y el ejercicio de sus actividades, año 2025";;https://www.infosubvenciones.es/bdnstrans/GE/es/convocatorias/815664;https://www.infosubvenciones.es/bdnstrans/GE/es/convocatorias/815664/concesiones
811845;NO;DIPUTACIÓN PROV. DE VALLADOLID;DIPUTACIÓN PROVINCIAL DE VALLADOLID;;29/01/2025;Acuerdo de Pleno nº 279/24 de fecha 27 de diciembre de 2024 por el que se aprueban las Bases Reguladoras de la convocatoria Plan Provincial de Gasto Corriente año 2025;;https://www.infosubvenciones.es/bdnstrans/GE/es/convocatorias/811845;https://www.infosubvenciones.es/bdnstrans/GE/es/convocatorias/811845/concesiones
811844;NO;DIPUTACIÓN PROV. DE VALLADOLID;DIPUTACIÓN PROVINCIAL DE VALLADOLID;;29/01/2025;Acuerdo 198/24 de la Junta de Gº de 27 de diciembre de 2024 por el que se aprueba convocatoria subv. a entidades sin animo de lucro provincia de Valladolid para proyectos en materia acción social 2025;;https://www.infosubvenciones.es/bdnstrans/GE/es/convocatorias/811844;https://www.infosubvenciones.es/bdnstrans/GE/es/convocatorias/811844/concesiones
811670;NO;DIPUTACIÓN PROV. DE VALLADOLID;DIPUTACIÓN PROVINCIAL DE VALLADOLID;;29/01/2025;Acuerdo 197/24 de la Junta de Gº de 27 diciembre 2024 por el que se aprueba convocatoria Asociaciones Juveniles provincia Valladolid para actividades 2025;;https://www.infosubvenciones.es/bdnstrans/GE/es/convocatorias/811670;https://www.infosubvenciones.es/bdnstrans/GE/es/convocatorias/811670/concesiones
811451;NO;DIPUTACIÓN PROV. DE VALLADOLID;DIPUTACIÓN PROVINCIAL DE VALLADOLID;;28/01/2025;Acuerdo 194/24 e la Junta de Gobierno de 27 diciembre 2024 por el que se aprueba convocatoria de subv. aytos menos de 20.000 hb. EELLMM y Mancomunidades provincia Valladolid para actividades adquisición material inventariable centros de ocio juvenil 2025;;https://www.infosubvenciones.es/bdnstrans/GE/es/convocatorias/811451;https://www.infosubvenciones.es/bdnstrans/GE/es/convocatorias/811451/concesiones
811450;NO;DIPUTACIÓN PROV. DE VALLADOLID;DIPUTACIÓN PROVINCIAL DE VALLADOLID;;28/01/2025;Decreto de Presidencia nº 220 de 22 enero 2025 por el que se aprueba ayudas de prestaciones económicaS de urgencia social 2025 (PREUS);;https://www.infosubvenciones.es/bdnstrans/GE/es/convocatorias/811450;https://www.infosubvenciones.es/bdnstrans/GE/es/convocatorias/811450/concesiones
810545;NO;DIPUTACIÓN PROV. DE VALLADOLID;DIPUTACIÓN PROVINCIAL DE VALLADOLID;;23/01/2025;"Decreto nº 5.327, de 9 de octubre  de 2024, por el que se aprueba el Convenio de Colaboración con AJE Valladolid para el desarrollo del `Plan de actividades para jóvenes emprendedores y autónomos rurales, año 2024`";;https://www.infosubvenciones.es/bdnstrans/GE/es/convocatorias/810545;https://www.infosubvenciones.es/bdnstrans/GE/es/convocatorias/810545/concesiones
810543;NO;DIPUTACIÓN PROV. DE VALLADOLID;DIPUTACIÓN PROVINCIAL DE VALLADOLID;;23/01/2025;Decreto de Presidencia nº 7324/24 de 23 de diciembre de Convenio para ejecución de obras de EDAR en Pesquera de Duero;;https://www.infosubvenciones.es/bdnstrans/GE/es/convocatorias/810543;https://www.infosubvenciones.es/bdnstrans/GE/es/convocatorias/810543/concesiones
810541;NO;DIPUTACIÓN PROV. DE VALLADOLID;DIPUTACIÓN PROVINCIAL DE VALLADOLID;;23/01/2025;Decreto nº 6.052 de 8 de noviembre de 2024 por el que se aprueba el convenio de colaboración con la Sociedad Mixta para la Promoción del Turismo de Valladolid y la Fundación Siglo para la promoción e información turística de Valladolid;;https://www.infosubvenciones.es/bdnstrans/GE/es/convocatorias/810541;https://www.infosubvenciones.es/bdnstrans/GE/es/convocatorias/810541/concesiones
810538;NO;DIPUTACIÓN PROV. DE VALLADOLID;DIPUTACIÓN PROVINCIAL DE VALLADOLID;;23/01/2025;"Decreto de Presidencia 7423 de 27 diciembre 2024 por el que se aprueba convenio la Sociedad Municipal del Deporte del Ayuntamiento de Peñafiel Gesdeporte, S.L. para la realización de actividades deportivas, año 2024.";;https://www.infosubvenciones.es/bdnstrans/GE/es/convocatorias/810538;https://www.infosubvenciones.es/bdnstrans/GE/es/convocatorias/810538/concesiones
809571;NO;DIPUTACIÓN PROV. DE VALLADOLID;DIPUTACIÓN PROVINCIAL DE VALLADOLID;;17/01/2025;Decreto de la Presidencia nº 7.323 de fecha 23 de diciembre de 2024 por el que se aprueba la justificación de la aportación al Canal de Castilla ejercicio 2023 y 2024;;https://www.infosubvenciones.es/bdnstrans/GE/es/convocatorias/809571;https://www.infosubvenciones.es/bdnstrans/GE/es/convocatorias/809571/concesiones
809570;NO;DIPUTACIÓN PROV. DE VALLADOLID;DIPUTACIÓN PROVINCIAL DE VALLADOLID;;17/01/2025;"Dcto. de Presidencia nº7417 de 27/12/2024 por el que se aprueba el Convenio de colaboración con la Junta de Cofradías de Semana Santa Valladolid, año 2024.";;https://www.infosubvenciones.es/bdnstrans/GE/es/convocatorias/809570;https://www.infosubvenciones.es/bdnstrans/GE/es/convocatorias/809570/concesiones
809569;NO;DIPUTACIÓN PROV. DE VALLADOLID;DIPUTACIÓN PROVINCIAL DE VALLADOLID;;17/01/2025;"Decreto nº 6.712 de 3 de diciembre de 2024 por el que se aprueba el convenio de colaboración con la Sociedad Mixta para la promoción del turismo de Valladolid, S.L. para la promoción del español como recurso turístico";;https://www.infosubvenciones.es/bdnstrans/GE/es/convocatorias/809569;https://www.infosubvenciones.es/bdnstrans/GE/es/convocatorias/809569/concesiones
809568;NO;DIPUTACIÓN PROV. DE VALLADOLID;DIPUTACIÓN PROVINCIAL DE VALLADOLID;;17/01/2025;"Decreto nº 7.203 de 19 de diciembre de 2024, por el que se aprueba el convenio de colaboración con la Asociación Vallisoletana de Agencias de Viaje para fomentar el turismo receptivo en la provincia de Valladolid";;https://www.infosubvenciones.es/bdnstrans/GE/es/convocatorias/809568;https://www.infosubvenciones.es/bdnstrans/GE/es/convocatorias/809568/concesiones
809567;NO;DIPUTACIÓN PROV. DE VALLADOLID;DIPUTACIÓN PROVINCIAL DE VALLADOLID;;17/01/2025;"Decreto 6.723 de 3 diciembre 2024 por el que se aprueba convenio Club Baloncesto La Flecha para la realización de su programa de actividades deportivas, año 2024";;https://www.infosubvenciones.es/bdnstrans/GE/es/convocatorias/809567;https://www.infosubvenciones.es/bdnstrans/GE/es/convocatorias/809567/concesiones
809566;NO;DIPUTACIÓN PROV. DE VALLADOLID;DIPUTACIÓN PROVINCIAL DE VALLADOLID;;17/01/2025;"Decreto nº 7.074 de 17 de diciembre de 2024 por el que se aprueba el convenio de colaboración con el Consejo Regulador de la IGP Lenteja Tierra de Campos, año 2024";;https://www.infosubvenciones.es/bdnstrans/GE/es/convocatorias/809566;https://www.infosubvenciones.es/bdnstrans/GE/es/convocatorias/809566/concesiones
809565;NO;DIPUTACIÓN PROV. DE VALLADOLID;DIPUTACIÓN PROVINCIAL DE VALLADOLID;;17/01/2025;Decreto 6.827 de 10 diciembre 20247 por el que se aprueba convenio Ayuntamiento de Tordesillas para la construcción de una vivienda tutelada vinculada a la red de servicios para personas con discapacidad en el ámbito rural.;;https://www.infosubvenciones.es/bdnstrans/GE/es/convocatorias/809565;https://www.infosubvenciones.es/bdnstrans/GE/es/convocatorias/809565/concesiones
809564;NO;DIPUTACIÓN PROV. DE VALLADOLID;DIPUTACIÓN PROVINCIAL DE VALLADOLID;;17/01/2025;Decreto nº 6.557 de 27 de noviembre de 2024 por el que se aprueba el convenio de colaboración con la Asociación provincial de empresarios de alojamientos turísticos de Valladolid para la dinamización de la restauración en los alojamientos turísticos;;https://www.infosubvenciones.es/bdnstrans/GE/es/convocatorias/809564;https://www.infosubvenciones.es/bdnstrans/GE/es/convocatorias/809564/concesiones
809563;NO;DIPUTACIÓN PROV. DE VALLADOLID;DIPUTACIÓN PROVINCIAL DE VALLADOLID;;17/01/2025;Decreto de Presidencia nº 7.086/24 de 17 de diciembre Convenio con Ayuntamiento de Villalar de los Comuneros financiar EDAR;;https://www.infosubvenciones.es/bdnstrans/GE/es/convocatorias/809563;https://www.infosubvenciones.es/bdnstrans/GE/es/convocatorias/809563/concesiones
809562;NO;DIPUTACIÓN PROV. DE VALLADOLID;DIPUTACIÓN PROVINCIAL DE VALLADOLID;;17/01/2025;Decreto de Presidencia nº 2.880/24 de 11 de noviembre de aprobación Convenio con Ministerio de Interior para la adquisición de desfibriladores por los acuartelamientos de la Guardia Civil;;https://www.infosubvenciones.es/bdnstrans/GE/es/convocatorias/809562;https://www.infosubvenciones.es/bdnstrans/GE/es/convocatorias/809562/concesiones
809561;NO;DIPUTACIÓN PROV. DE VALLADOLID;DIPUTACIÓN PROVINCIAL DE VALLADOLID;;17/01/2025;"Decreto nº7065 de 17 de diciembre de 2024, aportacion al Consorcio de Medio Ambiente de Valladolid, adquisicion contenedores";;https://www.infosubvenciones.es/bdnstrans/GE/es/convocatorias/809561;https://www.infosubvenciones.es/bdnstrans/GE/es/convocatorias/809561/concesiones
809560;NO;DIPUTACIÓN PROV. DE VALLADOLID;DIPUTACIÓN PROVINCIAL DE VALLADOLID;;17/01/2025;"Decreto de Presidencia nº 3.160/24 de 13 de junio, Convenio con Ayuntamiento de Ciguñuela para obras de Emisario y EDAR";;https://www.infosubvenciones.es/bdnstrans/GE/es/convocatorias/809560;https://www.infosubvenciones.es/bdnstrans/GE/es/convocatorias/809560/concesiones
809559;NO;DIPUTACIÓN PROV. DE VALLADOLID;DIPUTACIÓN PROVINCIAL DE VALLADOLID;;17/01/2025;"Decreto de Presidencia nº 6011 de 7 de noviembre de 2024, por la que se aprueba el Convenio de Colaboracion con Fundacion Caja Burgos para el desarrollo de programas de educacion ambiental";;https://www.infosubvenciones.es/bdnstrans/GE/es/convocatorias/809559;https://www.infosubvenciones.es/bdnstrans/GE/es/convocatorias/809559/concesiones
809558;NO;DIPUTACIÓN PROV. DE VALLADOLID;DIPUTACIÓN PROVINCIAL DE VALLADOLID;;17/01/2025;Decreto nº 6.353 de 20 de noviembre de 2024 por el que se aprueba el convenio de colaboración con la Federación de Comercio y Servicios de Valladolid para la dinamización del comercio rural del sector de la alimentación en la provincia de Valladolid;;https://www.infosubvenciones.es/bdnstrans/GE/es/convocatorias/809558;https://www.infosubvenciones.es/bdnstrans/GE/es/convocatorias/809558/concesiones
809557;NO;DIPUTACIÓN PROV. DE VALLADOLID;DIPUTACIÓN PROVINCIAL DE VALLADOLID;;17/01/2025;Decreto nº 5.843 de 30 de octubre de 2024 por el que se aprueba el convenio de colaboración con el Ayuntamiento de Rueda para la organización y celebración de la Feria del Vino Blanco Denominación de Origen Rueda;;https://www.infosubvenciones.es/bdnstrans/GE/es/convocatorias/809557;https://www.infosubvenciones.es/bdnstrans/GE/es/convocatorias/809557/concesiones
809556;NO;DIPUTACIÓN PROV. DE VALLADOLID;DIPUTACIÓN PROVINCIAL DE VALLADOLID;;17/01/2025;"Decreto nº 7017 de 16 de diciembre de 2024, aportacion al Consorcio de Medio Ambiente de Valladolid";;https://www.infosubvenciones.es/bdnstrans/GE/es/convocatorias/809556;https://www.infosubvenciones.es/bdnstrans/GE/es/convocatorias/809556/concesiones
999001;NO;JUNTA DE ANDALUCÍA;Consejería de Fomento, Articulación del Territorio y Vivienda;Dirección General de Vivienda;15/01/2025;Ayudas para la rehabilitación energética de viviendas habituales (Plan Ecovivienda);Plan Ecovivienda;https://www.juntadeandalucia.es/organismos/fomentodearticulaciondelterritorioyvivienda.html;
999002;NO;MINISTERIO DE VIVIENDA;MINISTERIO DE VIVIENDA Y AGENDA URBANA;DIRECCIÓN GENERAL DE VIVIENDA Y SUELO;15/10/2025;Bono Alquiler Joven 2026 - Ayuda de alquiler de vivienda habitual para jóvenes;Bono Alquiler Joven;https://www.mivau.gob.es/el-ministerio/bono-alquiler-joven;
999003;NO;MINISTERIO DE EDUCACIÓN;MINISTERIO DE EDUCACIÓN, FORMACIÓN PROFESIONAL Y DEPORTES;SECRETARÍA DE ESTADO DE EDUCACIÓN;01/03/2025;Becas de ayuda al estudio para enseñanzas universitarias (Beca MEC);Beca MEC;https://www.becaseducacion.gob.es/becas-y-ayudas.html;
999004;NO;JUNTA DE ANDALUCÍA;Consejería de Empleo, Empresa y Trabajo Autónomo;Dirección General de Trabajo Autónomo;30/09/2025;Ayudas para el fomento del autoempleo y consolidación del trabajo autónomo;Fomento del Autoempleo;https://www.juntadeandalucia.es/organismos/empleoempresaytrabajoautonomo.html;
999005;NO;MINISTERIO DE TRANSPORTES;Instituto para la Diversificación y Ahorro de la Energía (IDAE);Dirección General de Energía;31/12/2025;Subvenciones para la adquisición de vehículos eléctricos e infraestructura de recarga (Plan MOVES III);Plan MOVES III;https://www.idae.es/ayudas-y-financiacion/para-movilidad-y-vehiculos/programa-moves-iii;
